<annotation>
	<folder></folder>
	<filename>frame_000093_png.rf.e4eb507412f8644d312725af5731ae60.jpg</filename>
	<path>frame_000093_png.rf.e4eb507412f8644d312725af5731ae60.jpg</path>
	<source>
		<database>roboflow.com</database>
	</source>
	<size>
		<width>640</width>
		<height>640</height>
		<depth>3</depth>
	</size>
	<segmented>0</segmented>
	<object>
		<name>Enemy Imp</name>
		<pose>Unspecified</pose>
		<truncated>0</truncated>
		<difficult>0</difficult>
		<occluded>0</occluded>
		<bndbox>
			<xmin>220</xmin>
			<xmax>400</xmax>
			<ymin>54</ymin>
			<ymax>418</ymax>
		</bndbox>
	</object>
	<object>
		<name>Laezel</name>
		<pose>Unspecified</pose>
		<truncated>0</truncated>
		<difficult>0</difficult>
		<occluded>0</occluded>
		<bndbox>
			<xmin>96</xmin>
			<xmax>234</xmax>
			<ymin>340</ymin>
			<ymax>625</ymax>
		</bndbox>
	</object>
	<object>
		<name>Enemy Imp</name>
		<pose>Unspecified</pose>
		<truncated>0</truncated>
		<difficult>0</difficult>
		<occluded>0</occluded>
		<bndbox>
			<xmin>157</xmin>
			<xmax>197</xmax>
			<ymin>1</ymin>
			<ymax>54</ymax>
		</bndbox>
	</object>
</annotation>
