<annotation>
	<folder></folder>
	<filename>frame_000113_png.rf.aa3d6d553801463d8e49785e1897bc87.jpg</filename>
	<path>frame_000113_png.rf.aa3d6d553801463d8e49785e1897bc87.jpg</path>
	<source>
		<database>roboflow.com</database>
	</source>
	<size>
		<width>640</width>
		<height>640</height>
		<depth>3</depth>
	</size>
	<segmented>0</segmented>
	<object>
		<name>Enemy Imp</name>
		<pose>Unspecified</pose>
		<truncated>0</truncated>
		<difficult>0</difficult>
		<occluded>0</occluded>
		<bndbox>
			<xmin>253</xmin>
			<xmax>349</xmax>
			<ymin>30</ymin>
			<ymax>170</ymax>
		</bndbox>
	</object>
	<object>
		<name>Player</name>
		<pose>Unspecified</pose>
		<truncated>0</truncated>
		<difficult>0</difficult>
		<occluded>0</occluded>
		<bndbox>
			<xmin>202</xmin>
			<xmax>339</xmax>
			<ymin>463</ymin>
			<ymax>641</ymax>
		</bndbox>
	</object>
</annotation>
