<annotation>
	<folder></folder>
	<filename>frame_000037_png.rf.ffeb8a2c9d997f2232c8b9128d8cf405.jpg</filename>
	<path>frame_000037_png.rf.ffeb8a2c9d997f2232c8b9128d8cf405.jpg</path>
	<source>
		<database>roboflow.com</database>
	</source>
	<size>
		<width>640</width>
		<height>640</height>
		<depth>3</depth>
	</size>
	<segmented>0</segmented>
	<object>
		<name>Player</name>
		<pose>Unspecified</pose>
		<truncated>0</truncated>
		<difficult>0</difficult>
		<occluded>0</occluded>
		<bndbox>
			<xmin>278</xmin>
			<xmax>336</xmax>
			<ymin>454</ymin>
			<ymax>543</ymax>
		</bndbox>
	</object>
	<object>
		<name>Laezel</name>
		<pose>Unspecified</pose>
		<truncated>0</truncated>
		<difficult>0</difficult>
		<occluded>0</occluded>
		<bndbox>
			<xmin>359</xmin>
			<xmax>392</xmax>
			<ymin>308</ymin>
			<ymax>390</ymax>
		</bndbox>
	</object>
</annotation>
