<annotation>
	<folder></folder>
	<filename>frame_000013_png.rf.160adbc073cf20f3819ab187b2d5c091.jpg</filename>
	<path>frame_000013_png.rf.160adbc073cf20f3819ab187b2d5c091.jpg</path>
	<source>
		<database>roboflow.com</database>
	</source>
	<size>
		<width>640</width>
		<height>640</height>
		<depth>3</depth>
	</size>
	<segmented>0</segmented>
	<object>
		<name>Player</name>
		<pose>Unspecified</pose>
		<truncated>0</truncated>
		<difficult>0</difficult>
		<occluded>0</occluded>
		<bndbox>
			<xmin>305</xmin>
			<xmax>348</xmax>
			<ymin>301</ymin>
			<ymax>394</ymax>
		</bndbox>
	</object>
	<object>
		<name>Shadowheart</name>
		<pose>Unspecified</pose>
		<truncated>0</truncated>
		<difficult>0</difficult>
		<occluded>0</occluded>
		<bndbox>
			<xmin>218</xmin>
			<xmax>251</xmax>
			<ymin>394</ymin>
			<ymax>468</ymax>
		</bndbox>
	</object>
	<object>
		<name>Enemy Imp</name>
		<pose>Unspecified</pose>
		<truncated>0</truncated>
		<difficult>0</difficult>
		<occluded>0</occluded>
		<bndbox>
			<xmin>184</xmin>
			<xmax>220</xmax>
			<ymin>231</ymin>
			<ymax>291</ymax>
		</bndbox>
	</object>
</annotation>
