<annotation>
	<folder></folder>
	<filename>frame_000056_png.rf.b4a3a25e718ae165b84c3a69d3b34b71.jpg</filename>
	<path>frame_000056_png.rf.b4a3a25e718ae165b84c3a69d3b34b71.jpg</path>
	<source>
		<database>roboflow.com</database>
	</source>
	<size>
		<width>640</width>
		<height>640</height>
		<depth>3</depth>
	</size>
	<segmented>0</segmented>
	<object>
		<name>Enemy Hellsboar</name>
		<pose>Unspecified</pose>
		<truncated>0</truncated>
		<difficult>0</difficult>
		<occluded>0</occluded>
		<bndbox>
			<xmin>170</xmin>
			<xmax>262</xmax>
			<ymin>365</ymin>
			<ymax>493</ymax>
		</bndbox>
	</object>
	<object>
		<name>Player</name>
		<pose>Unspecified</pose>
		<truncated>0</truncated>
		<difficult>0</difficult>
		<occluded>0</occluded>
		<bndbox>
			<xmin>296</xmin>
			<xmax>347</xmax>
			<ymin>293</ymin>
			<ymax>381</ymax>
		</bndbox>
	</object>
	<object>
		<name>Shadowheart</name>
		<pose>Unspecified</pose>
		<truncated>0</truncated>
		<difficult>0</difficult>
		<occluded>0</occluded>
		<bndbox>
			<xmin>260</xmin>
			<xmax>295</xmax>
			<ymin>370</ymin>
			<ymax>459</ymax>
		</bndbox>
	</object>
	<object>
		<name>Enemy Imp</name>
		<pose>Unspecified</pose>
		<truncated>0</truncated>
		<difficult>0</difficult>
		<occluded>0</occluded>
		<bndbox>
			<xmin>310</xmin>
			<xmax>351</xmax>
			<ymin>359</ymin>
			<ymax>466</ymax>
		</bndbox>
	</object>
	<object>
		<name>Laezel</name>
		<pose>Unspecified</pose>
		<truncated>0</truncated>
		<difficult>0</difficult>
		<occluded>0</occluded>
		<bndbox>
			<xmin>311</xmin>
			<xmax>338</xmax>
			<ymin>127</ymin>
			<ymax>192</ymax>
		</bndbox>
	</object>
</annotation>
