<annotation>
	<folder></folder>
	<filename>frame_000047_png.rf.32e0da8fb93dc6b372cd62eb758b2c12.jpg</filename>
	<path>frame_000047_png.rf.32e0da8fb93dc6b372cd62eb758b2c12.jpg</path>
	<source>
		<database>roboflow.com</database>
	</source>
	<size>
		<width>640</width>
		<height>640</height>
		<depth>3</depth>
	</size>
	<segmented>0</segmented>
	<object>
		<name>Enemy Imp</name>
		<pose>Unspecified</pose>
		<truncated>0</truncated>
		<difficult>0</difficult>
		<occluded>0</occluded>
		<bndbox>
			<xmin>238</xmin>
			<xmax>344</xmax>
			<ymin>226</ymin>
			<ymax>371</ymax>
		</bndbox>
	</object>
	<object>
		<name>Enemy Hellsboar</name>
		<pose>Unspecified</pose>
		<truncated>0</truncated>
		<difficult>0</difficult>
		<occluded>0</occluded>
		<bndbox>
			<xmin>570</xmin>
			<xmax>641</xmax>
			<ymin>345</ymin>
			<ymax>471</ymax>
		</bndbox>
	</object>
</annotation>
