<annotation>
	<folder></folder>
	<filename>frame_000016_png.rf.7b5c5441a8964abc4ec04b6669b9efdd.jpg</filename>
	<path>frame_000016_png.rf.7b5c5441a8964abc4ec04b6669b9efdd.jpg</path>
	<source>
		<database>roboflow.com</database>
	</source>
	<size>
		<width>640</width>
		<height>640</height>
		<depth>3</depth>
	</size>
	<segmented>0</segmented>
	<object>
		<name>Enemy Imp</name>
		<pose>Unspecified</pose>
		<truncated>0</truncated>
		<difficult>0</difficult>
		<occluded>0</occluded>
		<bndbox>
			<xmin>422</xmin>
			<xmax>552</xmax>
			<ymin>174</ymin>
			<ymax>341</ymax>
		</bndbox>
	</object>
	<object>
		<name>Enemy Hellsboar</name>
		<pose>Unspecified</pose>
		<truncated>0</truncated>
		<difficult>0</difficult>
		<occluded>0</occluded>
		<bndbox>
			<xmin>153</xmin>
			<xmax>202</xmax>
			<ymin>231</ymin>
			<ymax>328</ymax>
		</bndbox>
	</object>
	<object>
		<name>Enemy Imp</name>
		<pose>Unspecified</pose>
		<truncated>0</truncated>
		<difficult>0</difficult>
		<occluded>0</occluded>
		<bndbox>
			<xmin>125</xmin>
			<xmax>157</xmax>
			<ymin>46</ymin>
			<ymax>111</ymax>
		</bndbox>
	</object>
</annotation>
