<annotation>
	<folder></folder>
	<filename>frame_000021_png.rf.05ee0bc9e2e480f546f0d5e20af648fb.jpg</filename>
	<path>frame_000021_png.rf.05ee0bc9e2e480f546f0d5e20af648fb.jpg</path>
	<source>
		<database>roboflow.com</database>
	</source>
	<size>
		<width>640</width>
		<height>640</height>
		<depth>3</depth>
	</size>
	<segmented>0</segmented>
	<object>
		<name>Laezel</name>
		<pose>Unspecified</pose>
		<truncated>0</truncated>
		<difficult>0</difficult>
		<occluded>0</occluded>
		<bndbox>
			<xmin>172</xmin>
			<xmax>200</xmax>
			<ymin>391</ymin>
			<ymax>462</ymax>
		</bndbox>
	</object>
	<object>
		<name>Enemy Imp</name>
		<pose>Unspecified</pose>
		<truncated>0</truncated>
		<difficult>0</difficult>
		<occluded>0</occluded>
		<bndbox>
			<xmin>348</xmin>
			<xmax>398</xmax>
			<ymin>422</ymin>
			<ymax>492</ymax>
		</bndbox>
	</object>
	<object>
		<name>Player</name>
		<pose>Unspecified</pose>
		<truncated>0</truncated>
		<difficult>0</difficult>
		<occluded>0</occluded>
		<bndbox>
			<xmin>308</xmin>
			<xmax>340</xmax>
			<ymin>250</ymin>
			<ymax>325</ymax>
		</bndbox>
	</object>
	<object>
		<name>Enemy Imp</name>
		<pose>Unspecified</pose>
		<truncated>0</truncated>
		<difficult>0</difficult>
		<occluded>0</occluded>
		<bndbox>
			<xmin>214</xmin>
			<xmax>263</xmax>
			<ymin>199</ymin>
			<ymax>256</ymax>
		</bndbox>
	</object>
	<object>
		<name>Enemy Hellsboar</name>
		<pose>Unspecified</pose>
		<truncated>0</truncated>
		<difficult>0</difficult>
		<occluded>0</occluded>
		<bndbox>
			<xmin>202</xmin>
			<xmax>275</xmax>
			<ymin>338</ymin>
			<ymax>437</ymax>
		</bndbox>
	</object>
</annotation>
