<annotation>
	<folder></folder>
	<filename>frame_000016_png.rf.26b88007bccb014efc06b8d2ba880a95.jpg</filename>
	<path>frame_000016_png.rf.26b88007bccb014efc06b8d2ba880a95.jpg</path>
	<source>
		<database>roboflow.com</database>
	</source>
	<size>
		<width>640</width>
		<height>640</height>
		<depth>3</depth>
	</size>
	<segmented>0</segmented>
	<object>
		<name>Enemy Imp</name>
		<pose>Unspecified</pose>
		<truncated>0</truncated>
		<difficult>0</difficult>
		<occluded>0</occluded>
		<bndbox>
			<xmin>409</xmin>
			<xmax>550</xmax>
			<ymin>153</ymin>
			<ymax>328</ymax>
		</bndbox>
	</object>
	<object>
		<name>Enemy Hellsboar</name>
		<pose>Unspecified</pose>
		<truncated>0</truncated>
		<difficult>0</difficult>
		<occluded>0</occluded>
		<bndbox>
			<xmin>146</xmin>
			<xmax>202</xmax>
			<ymin>245</ymin>
			<ymax>345</ymax>
		</bndbox>
	</object>
	<object>
		<name>Enemy Imp</name>
		<pose>Unspecified</pose>
		<truncated>0</truncated>
		<difficult>0</difficult>
		<occluded>0</occluded>
		<bndbox>
			<xmin>98</xmin>
			<xmax>135</xmax>
			<ymin>65</ymin>
			<ymax>132</ymax>
		</bndbox>
	</object>
</annotation>
