<annotation>
	<folder></folder>
	<filename>frame_000022_png.rf.09761de7c1c6a207568c988b9be7954f.jpg</filename>
	<path>frame_000022_png.rf.09761de7c1c6a207568c988b9be7954f.jpg</path>
	<source>
		<database>roboflow.com</database>
	</source>
	<size>
		<width>640</width>
		<height>640</height>
		<depth>3</depth>
	</size>
	<segmented>0</segmented>
	<object>
		<name>Enemy Imp</name>
		<pose>Unspecified</pose>
		<truncated>0</truncated>
		<difficult>0</difficult>
		<occluded>0</occluded>
		<bndbox>
			<xmin>391</xmin>
			<xmax>427</xmax>
			<ymin>112</ymin>
			<ymax>177</ymax>
		</bndbox>
	</object>
</annotation>
