<annotation>
	<folder></folder>
	<filename>frame_000050_png.rf.8f5ce6168127a73c09983480fac4a80c.jpg</filename>
	<path>frame_000050_png.rf.8f5ce6168127a73c09983480fac4a80c.jpg</path>
	<source>
		<database>roboflow.com</database>
	</source>
	<size>
		<width>640</width>
		<height>640</height>
		<depth>3</depth>
	</size>
	<segmented>0</segmented>
	<object>
		<name>Enemy Hellsboar</name>
		<pose>Unspecified</pose>
		<truncated>0</truncated>
		<difficult>0</difficult>
		<occluded>0</occluded>
		<bndbox>
			<xmin>388</xmin>
			<xmax>453</xmax>
			<ymin>308</ymin>
			<ymax>402</ymax>
		</bndbox>
	</object>
</annotation>
