<annotation>
	<folder></folder>
	<filename>frame_000022_png.rf.88b4c6bdc08638d73cc616a89ead78f0.jpg</filename>
	<path>frame_000022_png.rf.88b4c6bdc08638d73cc616a89ead78f0.jpg</path>
	<source>
		<database>roboflow.com</database>
	</source>
	<size>
		<width>640</width>
		<height>640</height>
		<depth>3</depth>
	</size>
	<segmented>0</segmented>
	<object>
		<name>Player</name>
		<pose>Unspecified</pose>
		<truncated>0</truncated>
		<difficult>0</difficult>
		<occluded>0</occluded>
		<bndbox>
			<xmin>407</xmin>
			<xmax>458</xmax>
			<ymin>332</ymin>
			<ymax>418</ymax>
		</bndbox>
	</object>
	<object>
		<name>Laezel</name>
		<pose>Unspecified</pose>
		<truncated>0</truncated>
		<difficult>0</difficult>
		<occluded>0</occluded>
		<bndbox>
			<xmin>301</xmin>
			<xmax>340</xmax>
			<ymin>550</ymin>
			<ymax>626</ymax>
		</bndbox>
	</object>
	<object>
		<name>Enemy Imp</name>
		<pose>Unspecified</pose>
		<truncated>0</truncated>
		<difficult>0</difficult>
		<occluded>0</occluded>
		<bndbox>
			<xmin>299</xmin>
			<xmax>342</xmax>
			<ymin>253</ymin>
			<ymax>352</ymax>
		</bndbox>
	</object>
	<object>
		<name>Enemy Hellsboar</name>
		<pose>Unspecified</pose>
		<truncated>0</truncated>
		<difficult>0</difficult>
		<occluded>0</occluded>
		<bndbox>
			<xmin>317</xmin>
			<xmax>402</xmax>
			<ymin>446</ymin>
			<ymax>586</ymax>
		</bndbox>
	</object>
</annotation>
