<annotation>
	<folder></folder>
	<filename>frame_000019_png.rf.9cb69aa402986d3e4c41e3366b586a1c.jpg</filename>
	<path>frame_000019_png.rf.9cb69aa402986d3e4c41e3366b586a1c.jpg</path>
	<source>
		<database>roboflow.com</database>
	</source>
	<size>
		<width>640</width>
		<height>640</height>
		<depth>3</depth>
	</size>
	<segmented>0</segmented>
	<object>
		<name>Enemy Imp</name>
		<pose>Unspecified</pose>
		<truncated>0</truncated>
		<difficult>0</difficult>
		<occluded>0</occluded>
		<bndbox>
			<xmin>140</xmin>
			<xmax>251</xmax>
			<ymin>393</ymin>
			<ymax>609</ymax>
		</bndbox>
	</object>
	<object>
		<name>Enemy Hellsboar</name>
		<pose>Unspecified</pose>
		<truncated>0</truncated>
		<difficult>0</difficult>
		<occluded>0</occluded>
		<bndbox>
			<xmin>364</xmin>
			<xmax>418</xmax>
			<ymin>203</ymin>
			<ymax>296</ymax>
		</bndbox>
	</object>
	<object>
		<name>Enemy Imp</name>
		<pose>Unspecified</pose>
		<truncated>0</truncated>
		<difficult>0</difficult>
		<occluded>0</occluded>
		<bndbox>
			<xmin>331</xmin>
			<xmax>358</xmax>
			<ymin>63</ymin>
			<ymax>110</ymax>
		</bndbox>
	</object>
</annotation>
