<annotation>
	<folder></folder>
	<filename>frame_000044_png.rf.9a80c278f5911990c64114e9c07fd5f9.jpg</filename>
	<path>frame_000044_png.rf.9a80c278f5911990c64114e9c07fd5f9.jpg</path>
	<source>
		<database>roboflow.com</database>
	</source>
	<size>
		<width>640</width>
		<height>640</height>
		<depth>3</depth>
	</size>
	<segmented>0</segmented>
	<object>
		<name>Player</name>
		<pose>Unspecified</pose>
		<truncated>0</truncated>
		<difficult>0</difficult>
		<occluded>0</occluded>
		<bndbox>
			<xmin>309</xmin>
			<xmax>363</xmax>
			<ymin>165</ymin>
			<ymax>248</ymax>
		</bndbox>
	</object>
	<object>
		<name>Shadowheart</name>
		<pose>Unspecified</pose>
		<truncated>0</truncated>
		<difficult>0</difficult>
		<occluded>0</occluded>
		<bndbox>
			<xmin>395</xmin>
			<xmax>453</xmax>
			<ymin>532</ymin>
			<ymax>620</ymax>
		</bndbox>
	</object>
	<object>
		<name>Enemy Hellsboar</name>
		<pose>Unspecified</pose>
		<truncated>0</truncated>
		<difficult>0</difficult>
		<occluded>0</occluded>
		<bndbox>
			<xmin>389</xmin>
			<xmax>468</xmax>
			<ymin>234</ymin>
			<ymax>326</ymax>
		</bndbox>
	</object>
</annotation>
