<annotation>
	<folder></folder>
	<filename>frame_000010_png.rf.4b5da5e1f9d2217f2f9d6466a0e11ac0.jpg</filename>
	<path>frame_000010_png.rf.4b5da5e1f9d2217f2f9d6466a0e11ac0.jpg</path>
	<source>
		<database>roboflow.com</database>
	</source>
	<size>
		<width>640</width>
		<height>640</height>
		<depth>3</depth>
	</size>
	<segmented>0</segmented>
	<object>
		<name>Enemy Imp</name>
		<pose>Unspecified</pose>
		<truncated>0</truncated>
		<difficult>0</difficult>
		<occluded>0</occluded>
		<bndbox>
			<xmin>204</xmin>
			<xmax>288</xmax>
			<ymin>322</ymin>
			<ymax>399</ymax>
		</bndbox>
	</object>
	<object>
		<name>Enemy Hellsboar</name>
		<pose>Unspecified</pose>
		<truncated>0</truncated>
		<difficult>0</difficult>
		<occluded>0</occluded>
		<bndbox>
			<xmin>301</xmin>
			<xmax>345</xmax>
			<ymin>295</ymin>
			<ymax>404</ymax>
		</bndbox>
	</object>
</annotation>
