<annotation>
	<folder></folder>
	<filename>frame_000033_png.rf.0e74f8c59d73fcda8ce62e3db26082be.jpg</filename>
	<path>frame_000033_png.rf.0e74f8c59d73fcda8ce62e3db26082be.jpg</path>
	<source>
		<database>roboflow.com</database>
	</source>
	<size>
		<width>640</width>
		<height>640</height>
		<depth>3</depth>
	</size>
	<segmented>0</segmented>
	<object>
		<name>Enemy Imp</name>
		<pose>Unspecified</pose>
		<truncated>0</truncated>
		<difficult>0</difficult>
		<occluded>0</occluded>
		<bndbox>
			<xmin>307</xmin>
			<xmax>343</xmax>
			<ymin>277</ymin>
			<ymax>342</ymax>
		</bndbox>
	</object>
	<object>
		<name>Player</name>
		<pose>Unspecified</pose>
		<truncated>0</truncated>
		<difficult>0</difficult>
		<occluded>0</occluded>
		<bndbox>
			<xmin>200</xmin>
			<xmax>248</xmax>
			<ymin>497</ymin>
			<ymax>585</ymax>
		</bndbox>
	</object>
</annotation>
