<annotation>
	<folder></folder>
	<filename>frame_000036_png.rf.1eff6c4efd49d0b64053a3f70d9dbc32.jpg</filename>
	<path>frame_000036_png.rf.1eff6c4efd49d0b64053a3f70d9dbc32.jpg</path>
	<source>
		<database>roboflow.com</database>
	</source>
	<size>
		<width>640</width>
		<height>640</height>
		<depth>3</depth>
	</size>
	<segmented>0</segmented>
	<object>
		<name>Laezel</name>
		<pose>Unspecified</pose>
		<truncated>0</truncated>
		<difficult>0</difficult>
		<occluded>0</occluded>
		<bndbox>
			<xmin>307</xmin>
			<xmax>340</xmax>
			<ymin>306</ymin>
			<ymax>388</ymax>
		</bndbox>
	</object>
	<object>
		<name>Player</name>
		<pose>Unspecified</pose>
		<truncated>0</truncated>
		<difficult>0</difficult>
		<occluded>0</occluded>
		<bndbox>
			<xmin>411</xmin>
			<xmax>464</xmax>
			<ymin>425</ymin>
			<ymax>514</ymax>
		</bndbox>
	</object>
</annotation>
