<annotation>
	<folder></folder>
	<filename>frame_000021_png.rf.d35eceba11c3336cb643ac807deffd3e.jpg</filename>
	<path>frame_000021_png.rf.d35eceba11c3336cb643ac807deffd3e.jpg</path>
	<source>
		<database>roboflow.com</database>
	</source>
	<size>
		<width>640</width>
		<height>640</height>
		<depth>3</depth>
	</size>
	<segmented>0</segmented>
	<object>
		<name>Enemy Hellsboar</name>
		<pose>Unspecified</pose>
		<truncated>0</truncated>
		<difficult>0</difficult>
		<occluded>0</occluded>
		<bndbox>
			<xmin>341</xmin>
			<xmax>436</xmax>
			<ymin>420</ymin>
			<ymax>638</ymax>
		</bndbox>
	</object>
	<object>
		<name>Enemy Imp</name>
		<pose>Unspecified</pose>
		<truncated>0</truncated>
		<difficult>0</difficult>
		<occluded>0</occluded>
		<bndbox>
			<xmin>396</xmin>
			<xmax>438</xmax>
			<ymin>62</ymin>
			<ymax>154</ymax>
		</bndbox>
	</object>
</annotation>
