<annotation>
	<folder></folder>
	<filename>frame_000019_png.rf.056c1b52c9c7282cf51449177b1330ba.jpg</filename>
	<path>frame_000019_png.rf.056c1b52c9c7282cf51449177b1330ba.jpg</path>
	<source>
		<database>roboflow.com</database>
	</source>
	<size>
		<width>640</width>
		<height>640</height>
		<depth>3</depth>
	</size>
	<segmented>0</segmented>
	<object>
		<name>Enemy Imp</name>
		<pose>Unspecified</pose>
		<truncated>0</truncated>
		<difficult>0</difficult>
		<occluded>0</occluded>
		<bndbox>
			<xmin>376</xmin>
			<xmax>498</xmax>
			<ymin>397</ymin>
			<ymax>618</ymax>
		</bndbox>
	</object>
	<object>
		<name>Enemy Hellsboar</name>
		<pose>Unspecified</pose>
		<truncated>0</truncated>
		<difficult>0</difficult>
		<occluded>0</occluded>
		<bndbox>
			<xmin>226</xmin>
			<xmax>284</xmax>
			<ymin>198</ymin>
			<ymax>294</ymax>
		</bndbox>
	</object>
	<object>
		<name>Enemy Imp</name>
		<pose>Unspecified</pose>
		<truncated>0</truncated>
		<difficult>0</difficult>
		<occluded>0</occluded>
		<bndbox>
			<xmin>295</xmin>
			<xmax>325</xmax>
			<ymin>62</ymin>
			<ymax>110</ymax>
		</bndbox>
	</object>
</annotation>
