<annotation>
	<folder></folder>
	<filename>frame_000033_png.rf.699dc56f7fbf597cb2725168e5059a0b.jpg</filename>
	<path>frame_000033_png.rf.699dc56f7fbf597cb2725168e5059a0b.jpg</path>
	<source>
		<database>roboflow.com</database>
	</source>
	<size>
		<width>640</width>
		<height>640</height>
		<depth>3</depth>
	</size>
	<segmented>0</segmented>
	<object>
		<name>Enemy Imp</name>
		<pose>Unspecified</pose>
		<truncated>0</truncated>
		<difficult>0</difficult>
		<occluded>0</occluded>
		<bndbox>
			<xmin>305</xmin>
			<xmax>347</xmax>
			<ymin>276</ymin>
			<ymax>344</ymax>
		</bndbox>
	</object>
	<object>
		<name>Player</name>
		<pose>Unspecified</pose>
		<truncated>0</truncated>
		<difficult>0</difficult>
		<occluded>0</occluded>
		<bndbox>
			<xmin>178</xmin>
			<xmax>233</xmax>
			<ymin>485</ymin>
			<ymax>577</ymax>
		</bndbox>
	</object>
</annotation>
