<annotation>
	<folder></folder>
	<filename>frame_000018_png.rf.7c78227175e3c3b0a06907b9f392d56f.jpg</filename>
	<path>frame_000018_png.rf.7c78227175e3c3b0a06907b9f392d56f.jpg</path>
	<source>
		<database>roboflow.com</database>
	</source>
	<size>
		<width>640</width>
		<height>640</height>
		<depth>3</depth>
	</size>
	<segmented>0</segmented>
	<object>
		<name>Enemy Imp</name>
		<pose>Unspecified</pose>
		<truncated>0</truncated>
		<difficult>0</difficult>
		<occluded>0</occluded>
		<bndbox>
			<xmin>155</xmin>
			<xmax>254</xmax>
			<ymin>283</ymin>
			<ymax>554</ymax>
		</bndbox>
	</object>
	<object>
		<name>Enemy Hellsboar</name>
		<pose>Unspecified</pose>
		<truncated>0</truncated>
		<difficult>0</difficult>
		<occluded>0</occluded>
		<bndbox>
			<xmin>372</xmin>
			<xmax>426</xmax>
			<ymin>201</ymin>
			<ymax>281</ymax>
		</bndbox>
	</object>
</annotation>
