<annotation>
	<folder></folder>
	<filename>frame_000019_png.rf.004be2a19cf9f380fa0221c23aa9a8a6.jpg</filename>
	<path>frame_000019_png.rf.004be2a19cf9f380fa0221c23aa9a8a6.jpg</path>
	<source>
		<database>roboflow.com</database>
	</source>
	<size>
		<width>640</width>
		<height>640</height>
		<depth>3</depth>
	</size>
	<segmented>0</segmented>
	<object>
		<name>Enemy Imp</name>
		<pose>Unspecified</pose>
		<truncated>0</truncated>
		<difficult>0</difficult>
		<occluded>0</occluded>
		<bndbox>
			<xmin>157</xmin>
			<xmax>307</xmax>
			<ymin>405</ymin>
			<ymax>638</ymax>
		</bndbox>
	</object>
	<object>
		<name>Enemy Hellsboar</name>
		<pose>Unspecified</pose>
		<truncated>0</truncated>
		<difficult>0</difficult>
		<occluded>0</occluded>
		<bndbox>
			<xmin>341</xmin>
			<xmax>411</xmax>
			<ymin>187</ymin>
			<ymax>289</ymax>
		</bndbox>
	</object>
	<object>
		<name>Enemy Imp</name>
		<pose>Unspecified</pose>
		<truncated>0</truncated>
		<difficult>0</difficult>
		<occluded>0</occluded>
		<bndbox>
			<xmin>282</xmin>
			<xmax>318</xmax>
			<ymin>61</ymin>
			<ymax>112</ymax>
		</bndbox>
	</object>
</annotation>
