<annotation>
	<folder></folder>
	<filename>frame_000035_png.rf.88b4fed55486e5c2f2e8bcce99b0a9c1.jpg</filename>
	<path>frame_000035_png.rf.88b4fed55486e5c2f2e8bcce99b0a9c1.jpg</path>
	<source>
		<database>roboflow.com</database>
	</source>
	<size>
		<width>640</width>
		<height>640</height>
		<depth>3</depth>
	</size>
	<segmented>0</segmented>
	<object>
		<name>Player</name>
		<pose>Unspecified</pose>
		<truncated>0</truncated>
		<difficult>0</difficult>
		<occluded>0</occluded>
		<bndbox>
			<xmin>205</xmin>
			<xmax>248</xmax>
			<ymin>439</ymin>
			<ymax>509</ymax>
		</bndbox>
	</object>
	<object>
		<name>Laezel</name>
		<pose>Unspecified</pose>
		<truncated>0</truncated>
		<difficult>0</difficult>
		<occluded>0</occluded>
		<bndbox>
			<xmin>312</xmin>
			<xmax>330</xmax>
			<ymin>302</ymin>
			<ymax>374</ymax>
		</bndbox>
	</object>
	<object>
		<name>Enemy Imp</name>
		<pose>Unspecified</pose>
		<truncated>0</truncated>
		<difficult>0</difficult>
		<occluded>0</occluded>
		<bndbox>
			<xmin>296</xmin>
			<xmax>339</xmax>
			<ymin>241</ymin>
			<ymax>291</ymax>
		</bndbox>
	</object>
</annotation>
