<annotation>
	<folder></folder>
	<filename>frame_000050_png.rf.b7e8b4b2ef9855280f17fe03d499431e.jpg</filename>
	<path>frame_000050_png.rf.b7e8b4b2ef9855280f17fe03d499431e.jpg</path>
	<source>
		<database>roboflow.com</database>
	</source>
	<size>
		<width>640</width>
		<height>640</height>
		<depth>3</depth>
	</size>
	<segmented>0</segmented>
	<object>
		<name>Enemy Hellsboar</name>
		<pose>Unspecified</pose>
		<truncated>0</truncated>
		<difficult>0</difficult>
		<occluded>0</occluded>
		<bndbox>
			<xmin>190</xmin>
			<xmax>273</xmax>
			<ymin>322</ymin>
			<ymax>428</ymax>
		</bndbox>
	</object>
</annotation>
