<annotation>
	<folder></folder>
	<filename>frame_000068_png.rf.8c2a388656d44be75423e81f2bf0015b.jpg</filename>
	<path>frame_000068_png.rf.8c2a388656d44be75423e81f2bf0015b.jpg</path>
	<source>
		<database>roboflow.com</database>
	</source>
	<size>
		<width>640</width>
		<height>640</height>
		<depth>3</depth>
	</size>
	<segmented>0</segmented>
	<object>
		<name>Player</name>
		<pose>Unspecified</pose>
		<truncated>0</truncated>
		<difficult>0</difficult>
		<occluded>0</occluded>
		<bndbox>
			<xmin>303</xmin>
			<xmax>474</xmax>
			<ymin>196</ymin>
			<ymax>446</ymax>
		</bndbox>
	</object>
	<object>
		<name>Enemy Imp</name>
		<pose>Unspecified</pose>
		<truncated>0</truncated>
		<difficult>0</difficult>
		<occluded>0</occluded>
		<bndbox>
			<xmin>477</xmin>
			<xmax>512</xmax>
			<ymin>19</ymin>
			<ymax>78</ymax>
		</bndbox>
	</object>
	<object>
		<name>Enemy Hellsboar</name>
		<pose>Unspecified</pose>
		<truncated>0</truncated>
		<difficult>0</difficult>
		<occluded>0</occluded>
		<bndbox>
			<xmin>1</xmin>
			<xmax>275</xmax>
			<ymin>358</ymin>
			<ymax>634</ymax>
		</bndbox>
	</object>
</annotation>
