<annotation>
	<folder></folder>
	<filename>frame_000058_png.rf.89f775d618d9c2ce7430d2764e2c337a.jpg</filename>
	<path>frame_000058_png.rf.89f775d618d9c2ce7430d2764e2c337a.jpg</path>
	<source>
		<database>roboflow.com</database>
	</source>
	<size>
		<width>640</width>
		<height>640</height>
		<depth>3</depth>
	</size>
	<segmented>0</segmented>
	<object>
		<name>Shadowheart</name>
		<pose>Unspecified</pose>
		<truncated>0</truncated>
		<difficult>0</difficult>
		<occluded>0</occluded>
		<bndbox>
			<xmin>268</xmin>
			<xmax>292</xmax>
			<ymin>317</ymin>
			<ymax>388</ymax>
		</bndbox>
	</object>
	<object>
		<name>Enemy Hellsboar</name>
		<pose>Unspecified</pose>
		<truncated>0</truncated>
		<difficult>0</difficult>
		<occluded>0</occluded>
		<bndbox>
			<xmin>195</xmin>
			<xmax>260</xmax>
			<ymin>338</ymin>
			<ymax>433</ymax>
		</bndbox>
	</object>
</annotation>
