<annotation>
	<folder></folder>
	<filename>frame_000006_png.rf.8e2a934445f0a8974d17c07f478e39b3.jpg</filename>
	<path>frame_000006_png.rf.8e2a934445f0a8974d17c07f478e39b3.jpg</path>
	<source>
		<database>roboflow.com</database>
	</source>
	<size>
		<width>640</width>
		<height>640</height>
		<depth>3</depth>
	</size>
	<segmented>0</segmented>
	<object>
		<name>Player</name>
		<pose>Unspecified</pose>
		<truncated>0</truncated>
		<difficult>0</difficult>
		<occluded>0</occluded>
		<bndbox>
			<xmin>334</xmin>
			<xmax>364</xmax>
			<ymin>235</ymin>
			<ymax>308</ymax>
		</bndbox>
	</object>
	<object>
		<name>Laezel</name>
		<pose>Unspecified</pose>
		<truncated>0</truncated>
		<difficult>0</difficult>
		<occluded>0</occluded>
		<bndbox>
			<xmin>372</xmin>
			<xmax>388</xmax>
			<ymin>169</ymin>
			<ymax>227</ymax>
		</bndbox>
	</object>
	<object>
		<name>Enemy Imp</name>
		<pose>Unspecified</pose>
		<truncated>0</truncated>
		<difficult>0</difficult>
		<occluded>0</occluded>
		<bndbox>
			<xmin>243</xmin>
			<xmax>263</xmax>
			<ymin>185</ymin>
			<ymax>222</ymax>
		</bndbox>
	</object>
</annotation>
