<annotation>
	<folder></folder>
	<filename>frame_000115_png.rf.69f6b075d84d903fd7beb41c8a702660.jpg</filename>
	<path>frame_000115_png.rf.69f6b075d84d903fd7beb41c8a702660.jpg</path>
	<source>
		<database>roboflow.com</database>
	</source>
	<size>
		<width>640</width>
		<height>640</height>
		<depth>3</depth>
	</size>
	<segmented>0</segmented>
	<object>
		<name>Enemy Imp</name>
		<pose>Unspecified</pose>
		<truncated>0</truncated>
		<difficult>0</difficult>
		<occluded>0</occluded>
		<bndbox>
			<xmin>160</xmin>
			<xmax>257</xmax>
			<ymin>9</ymin>
			<ymax>197</ymax>
		</bndbox>
	</object>
	<object>
		<name>Player</name>
		<pose>Unspecified</pose>
		<truncated>0</truncated>
		<difficult>0</difficult>
		<occluded>0</occluded>
		<bndbox>
			<xmin>307</xmin>
			<xmax>409</xmax>
			<ymin>482</ymin>
			<ymax>641</ymax>
		</bndbox>
	</object>
</annotation>
