<annotation>
	<folder></folder>
	<filename>frame_000058_png.rf.68b3883991fd788223b6b22b9ee3cce6.jpg</filename>
	<path>frame_000058_png.rf.68b3883991fd788223b6b22b9ee3cce6.jpg</path>
	<source>
		<database>roboflow.com</database>
	</source>
	<size>
		<width>640</width>
		<height>640</height>
		<depth>3</depth>
	</size>
	<segmented>0</segmented>
	<object>
		<name>Shadowheart</name>
		<pose>Unspecified</pose>
		<truncated>0</truncated>
		<difficult>0</difficult>
		<occluded>0</occluded>
		<bndbox>
			<xmin>355</xmin>
			<xmax>378</xmax>
			<ymin>311</ymin>
			<ymax>382</ymax>
		</bndbox>
	</object>
	<object>
		<name>Enemy Hellsboar</name>
		<pose>Unspecified</pose>
		<truncated>0</truncated>
		<difficult>0</difficult>
		<occluded>0</occluded>
		<bndbox>
			<xmin>391</xmin>
			<xmax>454</xmax>
			<ymin>327</ymin>
			<ymax>421</ymax>
		</bndbox>
	</object>
</annotation>
