<annotation>
	<folder></folder>
	<filename>frame_000036_png.rf.53a75631918e26d2a9034b0ad1739d31.jpg</filename>
	<path>frame_000036_png.rf.53a75631918e26d2a9034b0ad1739d31.jpg</path>
	<source>
		<database>roboflow.com</database>
	</source>
	<size>
		<width>640</width>
		<height>640</height>
		<depth>3</depth>
	</size>
	<segmented>0</segmented>
	<object>
		<name>Laezel</name>
		<pose>Unspecified</pose>
		<truncated>0</truncated>
		<difficult>0</difficult>
		<occluded>0</occluded>
		<bndbox>
			<xmin>299</xmin>
			<xmax>336</xmax>
			<ymin>306</ymin>
			<ymax>388</ymax>
		</bndbox>
	</object>
	<object>
		<name>Player</name>
		<pose>Unspecified</pose>
		<truncated>0</truncated>
		<difficult>0</difficult>
		<occluded>0</occluded>
		<bndbox>
			<xmin>168</xmin>
			<xmax>226</xmax>
			<ymin>418</ymin>
			<ymax>509</ymax>
		</bndbox>
	</object>
</annotation>
