<annotation>
	<folder></folder>
	<filename>frame_000010_png.rf.a0876f401a5b125064e81f8870949046.jpg</filename>
	<path>frame_000010_png.rf.a0876f401a5b125064e81f8870949046.jpg</path>
	<source>
		<database>roboflow.com</database>
	</source>
	<size>
		<width>640</width>
		<height>640</height>
		<depth>3</depth>
	</size>
	<segmented>0</segmented>
	<object>
		<name>Enemy Imp</name>
		<pose>Unspecified</pose>
		<truncated>0</truncated>
		<difficult>0</difficult>
		<occluded>0</occluded>
		<bndbox>
			<xmin>204</xmin>
			<xmax>282</xmax>
			<ymin>318</ymin>
			<ymax>388</ymax>
		</bndbox>
	</object>
	<object>
		<name>Enemy Hellsboar</name>
		<pose>Unspecified</pose>
		<truncated>0</truncated>
		<difficult>0</difficult>
		<occluded>0</occluded>
		<bndbox>
			<xmin>303</xmin>
			<xmax>337</xmax>
			<ymin>297</ymin>
			<ymax>403</ymax>
		</bndbox>
	</object>
</annotation>
