<annotation>
	<folder></folder>
	<filename>frame_000093_png.rf.bdd90ee2e0ddc81786bfdf5af7548856.jpg</filename>
	<path>frame_000093_png.rf.bdd90ee2e0ddc81786bfdf5af7548856.jpg</path>
	<source>
		<database>roboflow.com</database>
	</source>
	<size>
		<width>640</width>
		<height>640</height>
		<depth>3</depth>
	</size>
	<segmented>0</segmented>
	<object>
		<name>Enemy Imp</name>
		<pose>Unspecified</pose>
		<truncated>0</truncated>
		<difficult>0</difficult>
		<occluded>0</occluded>
		<bndbox>
			<xmin>282</xmin>
			<xmax>409</xmax>
			<ymin>65</ymin>
			<ymax>413</ymax>
		</bndbox>
	</object>
	<object>
		<name>Laezel</name>
		<pose>Unspecified</pose>
		<truncated>0</truncated>
		<difficult>0</difficult>
		<occluded>0</occluded>
		<bndbox>
			<xmin>402</xmin>
			<xmax>498</xmax>
			<ymin>368</ymin>
			<ymax>641</ymax>
		</bndbox>
	</object>
	<object>
		<name>Enemy Imp</name>
		<pose>Unspecified</pose>
		<truncated>0</truncated>
		<difficult>0</difficult>
		<occluded>0</occluded>
		<bndbox>
			<xmin>494</xmin>
			<xmax>525</xmax>
			<ymin>19</ymin>
			<ymax>78</ymax>
		</bndbox>
	</object>
</annotation>
