<annotation>
	<folder></folder>
	<filename>frame_000039_png.rf.66d8d0769caca906631a0111e48c8148.jpg</filename>
	<path>frame_000039_png.rf.66d8d0769caca906631a0111e48c8148.jpg</path>
	<source>
		<database>roboflow.com</database>
	</source>
	<size>
		<width>640</width>
		<height>640</height>
		<depth>3</depth>
	</size>
	<segmented>0</segmented>
	<object>
		<name>Laezel</name>
		<pose>Unspecified</pose>
		<truncated>0</truncated>
		<difficult>0</difficult>
		<occluded>0</occluded>
		<bndbox>
			<xmin>340</xmin>
			<xmax>361</xmax>
			<ymin>354</ymin>
			<ymax>429</ymax>
		</bndbox>
	</object>
</annotation>
