<annotation>
	<folder></folder>
	<filename>frame_000039_png.rf.5ca57849e9320de2e780ac9e4471dc58.jpg</filename>
	<path>frame_000039_png.rf.5ca57849e9320de2e780ac9e4471dc58.jpg</path>
	<source>
		<database>roboflow.com</database>
	</source>
	<size>
		<width>640</width>
		<height>640</height>
		<depth>3</depth>
	</size>
	<segmented>0</segmented>
	<object>
		<name>Laezel</name>
		<pose>Unspecified</pose>
		<truncated>0</truncated>
		<difficult>0</difficult>
		<occluded>0</occluded>
		<bndbox>
			<xmin>325</xmin>
			<xmax>356</xmax>
			<ymin>356</ymin>
			<ymax>433</ymax>
		</bndbox>
	</object>
</annotation>
