<annotation>
	<folder></folder>
	<filename>frame_000007_png.rf.ba1b4ebe3a01f571c69e4afdca6494cc.jpg</filename>
	<path>frame_000007_png.rf.ba1b4ebe3a01f571c69e4afdca6494cc.jpg</path>
	<source>
		<database>roboflow.com</database>
	</source>
	<size>
		<width>640</width>
		<height>640</height>
		<depth>3</depth>
	</size>
	<segmented>0</segmented>
	<object>
		<name>Shadowheart</name>
		<pose>Unspecified</pose>
		<truncated>0</truncated>
		<difficult>0</difficult>
		<occluded>0</occluded>
		<bndbox>
			<xmin>160</xmin>
			<xmax>223</xmax>
			<ymin>353</ymin>
			<ymax>507</ymax>
		</bndbox>
	</object>
	<object>
		<name>Player</name>
		<pose>Unspecified</pose>
		<truncated>0</truncated>
		<difficult>0</difficult>
		<occluded>0</occluded>
		<bndbox>
			<xmin>248</xmin>
			<xmax>338</xmax>
			<ymin>364</ymin>
			<ymax>539</ymax>
		</bndbox>
	</object>
	<object>
		<name>Laezel</name>
		<pose>Unspecified</pose>
		<truncated>0</truncated>
		<difficult>0</difficult>
		<occluded>0</occluded>
		<bndbox>
			<xmin>189</xmin>
			<xmax>244</xmax>
			<ymin>484</ymin>
			<ymax>581</ymax>
		</bndbox>
	</object>
	<object>
		<name>Enemy Hellsboar</name>
		<pose>Unspecified</pose>
		<truncated>0</truncated>
		<difficult>0</difficult>
		<occluded>0</occluded>
		<bndbox>
			<xmin>352</xmin>
			<xmax>404</xmax>
			<ymin>212</ymin>
			<ymax>287</ymax>
		</bndbox>
	</object>
	<object>
		<name>Enemy Imp</name>
		<pose>Unspecified</pose>
		<truncated>0</truncated>
		<difficult>0</difficult>
		<occluded>0</occluded>
		<bndbox>
			<xmin>173</xmin>
			<xmax>225</xmax>
			<ymin>142</ymin>
			<ymax>207</ymax>
		</bndbox>
	</object>
	<object>
		<name>Enemy Imp</name>
		<pose>Unspecified</pose>
		<truncated>0</truncated>
		<difficult>0</difficult>
		<occluded>0</occluded>
		<bndbox>
			<xmin>490</xmin>
			<xmax>523</xmax>
			<ymin>121</ymin>
			<ymax>161</ymax>
		</bndbox>
	</object>
</annotation>
