<annotation>
	<folder></folder>
	<filename>frame_000061_png.rf.08cd7282accd8cc674fc0035a77fc46b.jpg</filename>
	<path>frame_000061_png.rf.08cd7282accd8cc674fc0035a77fc46b.jpg</path>
	<source>
		<database>roboflow.com</database>
	</source>
	<size>
		<width>640</width>
		<height>640</height>
		<depth>3</depth>
	</size>
	<segmented>0</segmented>
	<object>
		<name>Player</name>
		<pose>Unspecified</pose>
		<truncated>0</truncated>
		<difficult>0</difficult>
		<occluded>0</occluded>
		<bndbox>
			<xmin>261</xmin>
			<xmax>297</xmax>
			<ymin>300</ymin>
			<ymax>388</ymax>
		</bndbox>
	</object>
	<object>
		<name>Laezel</name>
		<pose>Unspecified</pose>
		<truncated>0</truncated>
		<difficult>0</difficult>
		<occluded>0</occluded>
		<bndbox>
			<xmin>316</xmin>
			<xmax>339</xmax>
			<ymin>218</ymin>
			<ymax>290</ymax>
		</bndbox>
	</object>
</annotation>
