<annotation>
	<folder></folder>
	<filename>frame_000007_png.rf.2ea1bd0c05003c569eb8e2a8bdd23368.jpg</filename>
	<path>frame_000007_png.rf.2ea1bd0c05003c569eb8e2a8bdd23368.jpg</path>
	<source>
		<database>roboflow.com</database>
	</source>
	<size>
		<width>640</width>
		<height>640</height>
		<depth>3</depth>
	</size>
	<segmented>0</segmented>
	<object>
		<name>Player</name>
		<pose>Unspecified</pose>
		<truncated>0</truncated>
		<difficult>0</difficult>
		<occluded>0</occluded>
		<bndbox>
			<xmin>238</xmin>
			<xmax>274</xmax>
			<ymin>236</ymin>
			<ymax>307</ymax>
		</bndbox>
	</object>
	<object>
		<name>Laezel</name>
		<pose>Unspecified</pose>
		<truncated>0</truncated>
		<difficult>0</difficult>
		<occluded>0</occluded>
		<bndbox>
			<xmin>224</xmin>
			<xmax>246</xmax>
			<ymin>166</ymin>
			<ymax>229</ymax>
		</bndbox>
	</object>
	<object>
		<name>Enemy Imp</name>
		<pose>Unspecified</pose>
		<truncated>0</truncated>
		<difficult>0</difficult>
		<occluded>0</occluded>
		<bndbox>
			<xmin>348</xmin>
			<xmax>370</xmax>
			<ymin>191</ymin>
			<ymax>231</ymax>
		</bndbox>
	</object>
</annotation>
