<annotation>
	<folder></folder>
	<filename>frame_000057_png.rf.d137e9e3222925df89e2ac7c43ccffc0.jpg</filename>
	<path>frame_000057_png.rf.d137e9e3222925df89e2ac7c43ccffc0.jpg</path>
	<source>
		<database>roboflow.com</database>
	</source>
	<size>
		<width>640</width>
		<height>640</height>
		<depth>3</depth>
	</size>
	<segmented>0</segmented>
	<object>
		<name>Enemy Hellsboar</name>
		<pose>Unspecified</pose>
		<truncated>0</truncated>
		<difficult>0</difficult>
		<occluded>0</occluded>
		<bndbox>
			<xmin>392</xmin>
			<xmax>466</xmax>
			<ymin>309</ymin>
			<ymax>412</ymax>
		</bndbox>
	</object>
</annotation>
