<annotation>
	<folder></folder>
	<filename>frame_000113_png.rf.3f75d261a8ff8cb5092bd50ff4ad0d4c.jpg</filename>
	<path>frame_000113_png.rf.3f75d261a8ff8cb5092bd50ff4ad0d4c.jpg</path>
	<source>
		<database>roboflow.com</database>
	</source>
	<size>
		<width>640</width>
		<height>640</height>
		<depth>3</depth>
	</size>
	<segmented>0</segmented>
	<object>
		<name>Enemy Imp</name>
		<pose>Unspecified</pose>
		<truncated>0</truncated>
		<difficult>0</difficult>
		<occluded>0</occluded>
		<bndbox>
			<xmin>361</xmin>
			<xmax>428</xmax>
			<ymin>48</ymin>
			<ymax>175</ymax>
		</bndbox>
	</object>
	<object>
		<name>Player</name>
		<pose>Unspecified</pose>
		<truncated>0</truncated>
		<difficult>0</difficult>
		<occluded>0</occluded>
		<bndbox>
			<xmin>263</xmin>
			<xmax>363</xmax>
			<ymin>478</ymin>
			<ymax>641</ymax>
		</bndbox>
	</object>
</annotation>
