<annotation>
	<folder></folder>
	<filename>frame_000021_png.rf.93a50e8c6c9d7ef31356ee4af00f3ed9.jpg</filename>
	<path>frame_000021_png.rf.93a50e8c6c9d7ef31356ee4af00f3ed9.jpg</path>
	<source>
		<database>roboflow.com</database>
	</source>
	<size>
		<width>640</width>
		<height>640</height>
		<depth>3</depth>
	</size>
	<segmented>0</segmented>
	<object>
		<name>Enemy Hellsboar</name>
		<pose>Unspecified</pose>
		<truncated>0</truncated>
		<difficult>0</difficult>
		<occluded>0</occluded>
		<bndbox>
			<xmin>318</xmin>
			<xmax>399</xmax>
			<ymin>429</ymin>
			<ymax>641</ymax>
		</bndbox>
	</object>
	<object>
		<name>Enemy Imp</name>
		<pose>Unspecified</pose>
		<truncated>0</truncated>
		<difficult>0</difficult>
		<occluded>0</occluded>
		<bndbox>
			<xmin>428</xmin>
			<xmax>464</xmax>
			<ymin>77</ymin>
			<ymax>168</ymax>
		</bndbox>
	</object>
</annotation>
