<annotation>
	<folder></folder>
	<filename>frame_000018_png.rf.1ada54b0972597c3fe0ec09743b599c4.jpg</filename>
	<path>frame_000018_png.rf.1ada54b0972597c3fe0ec09743b599c4.jpg</path>
	<source>
		<database>roboflow.com</database>
	</source>
	<size>
		<width>640</width>
		<height>640</height>
		<depth>3</depth>
	</size>
	<segmented>0</segmented>
	<object>
		<name>Enemy Imp</name>
		<pose>Unspecified</pose>
		<truncated>0</truncated>
		<difficult>0</difficult>
		<occluded>0</occluded>
		<bndbox>
			<xmin>124</xmin>
			<xmax>260</xmax>
			<ymin>261</ymin>
			<ymax>543</ymax>
		</bndbox>
	</object>
	<object>
		<name>Enemy Hellsboar</name>
		<pose>Unspecified</pose>
		<truncated>0</truncated>
		<difficult>0</difficult>
		<occluded>0</occluded>
		<bndbox>
			<xmin>377</xmin>
			<xmax>442</xmax>
			<ymin>209</ymin>
			<ymax>296</ymax>
		</bndbox>
	</object>
</annotation>
