<annotation>
	<folder></folder>
	<filename>frame_000045_png.rf.5183cf5bb831cc850b18d1c3d370928c.jpg</filename>
	<path>frame_000045_png.rf.5183cf5bb831cc850b18d1c3d370928c.jpg</path>
	<source>
		<database>roboflow.com</database>
	</source>
	<size>
		<width>640</width>
		<height>640</height>
		<depth>3</depth>
	</size>
	<segmented>0</segmented>
	<object>
		<name>Enemy Hellsboar</name>
		<pose>Unspecified</pose>
		<truncated>0</truncated>
		<difficult>0</difficult>
		<occluded>0</occluded>
		<bndbox>
			<xmin>169</xmin>
			<xmax>249</xmax>
			<ymin>285</ymin>
			<ymax>392</ymax>
		</bndbox>
	</object>
	<object>
		<name>Enemy Imp</name>
		<pose>Unspecified</pose>
		<truncated>0</truncated>
		<difficult>0</difficult>
		<occluded>0</occluded>
		<bndbox>
			<xmin>297</xmin>
			<xmax>361</xmax>
			<ymin>266</ymin>
			<ymax>330</ymax>
		</bndbox>
	</object>
	<object>
		<name>Laezel</name>
		<pose>Unspecified</pose>
		<truncated>0</truncated>
		<difficult>0</difficult>
		<occluded>0</occluded>
		<bndbox>
			<xmin>303</xmin>
			<xmax>331</xmax>
			<ymin>69</ymin>
			<ymax>134</ymax>
		</bndbox>
	</object>
</annotation>
