<annotation>
	<folder></folder>
	<filename>frame_000062_png.rf.839e820d91035f44cd35aad4ee32a183.jpg</filename>
	<path>frame_000062_png.rf.839e820d91035f44cd35aad4ee32a183.jpg</path>
	<source>
		<database>roboflow.com</database>
	</source>
	<size>
		<width>640</width>
		<height>640</height>
		<depth>3</depth>
	</size>
	<segmented>0</segmented>
	<object>
		<name>Laezel</name>
		<pose>Unspecified</pose>
		<truncated>0</truncated>
		<difficult>0</difficult>
		<occluded>0</occluded>
		<bndbox>
			<xmin>344</xmin>
			<xmax>369</xmax>
			<ymin>359</ymin>
			<ymax>424</ymax>
		</bndbox>
	</object>
	<object>
		<name>Player</name>
		<pose>Unspecified</pose>
		<truncated>0</truncated>
		<difficult>0</difficult>
		<occluded>0</occluded>
		<bndbox>
			<xmin>284</xmin>
			<xmax>324</xmax>
			<ymin>465</ymin>
			<ymax>563</ymax>
		</bndbox>
	</object>
</annotation>
