<annotation>
	<folder></folder>
	<filename>frame_000063_png.rf.b11b16bcb2a7e6fed88e88b0d974811b.jpg</filename>
	<path>frame_000063_png.rf.b11b16bcb2a7e6fed88e88b0d974811b.jpg</path>
	<source>
		<database>roboflow.com</database>
	</source>
	<size>
		<width>640</width>
		<height>640</height>
		<depth>3</depth>
	</size>
	<segmented>0</segmented>
	<object>
		<name>Laezel</name>
		<pose>Unspecified</pose>
		<truncated>0</truncated>
		<difficult>0</difficult>
		<occluded>0</occluded>
		<bndbox>
			<xmin>347</xmin>
			<xmax>368</xmax>
			<ymin>349</ymin>
			<ymax>430</ymax>
		</bndbox>
	</object>
	<object>
		<name>Player</name>
		<pose>Unspecified</pose>
		<truncated>0</truncated>
		<difficult>0</difficult>
		<occluded>0</occluded>
		<bndbox>
			<xmin>281</xmin>
			<xmax>328</xmax>
			<ymin>460</ymin>
			<ymax>556</ymax>
		</bndbox>
	</object>
</annotation>
