<annotation>
	<folder></folder>
	<filename>frame_000061_png.rf.66cbfa65b7553efc13d9d51e7d0a5926.jpg</filename>
	<path>frame_000061_png.rf.66cbfa65b7553efc13d9d51e7d0a5926.jpg</path>
	<source>
		<database>roboflow.com</database>
	</source>
	<size>
		<width>640</width>
		<height>640</height>
		<depth>3</depth>
	</size>
	<segmented>0</segmented>
	<object>
		<name>Enemy Hellsboar</name>
		<pose>Unspecified</pose>
		<truncated>0</truncated>
		<difficult>0</difficult>
		<occluded>0</occluded>
		<bndbox>
			<xmin>243</xmin>
			<xmax>334</xmax>
			<ymin>234</ymin>
			<ymax>398</ymax>
		</bndbox>
	</object>
	<object>
		<name>Player</name>
		<pose>Unspecified</pose>
		<truncated>0</truncated>
		<difficult>0</difficult>
		<occluded>0</occluded>
		<bndbox>
			<xmin>349</xmin>
			<xmax>391</xmax>
			<ymin>120</ymin>
			<ymax>276</ymax>
		</bndbox>
	</object>
	<object>
		<name>Shadowheart</name>
		<pose>Unspecified</pose>
		<truncated>0</truncated>
		<difficult>0</difficult>
		<occluded>0</occluded>
		<bndbox>
			<xmin>435</xmin>
			<xmax>479</xmax>
			<ymin>149</ymin>
			<ymax>324</ymax>
		</bndbox>
	</object>
	<object>
		<name>Laezel</name>
		<pose>Unspecified</pose>
		<truncated>0</truncated>
		<difficult>0</difficult>
		<occluded>0</occluded>
		<bndbox>
			<xmin>421</xmin>
			<xmax>449</xmax>
			<ymin>111</ymin>
			<ymax>251</ymax>
		</bndbox>
	</object>
</annotation>
