<annotation>
	<folder></folder>
	<filename>frame_000065_png.rf.fbf6d68a44b63cb812d292f65ca1a8c1.jpg</filename>
	<path>frame_000065_png.rf.fbf6d68a44b63cb812d292f65ca1a8c1.jpg</path>
	<source>
		<database>roboflow.com</database>
	</source>
	<size>
		<width>640</width>
		<height>640</height>
		<depth>3</depth>
	</size>
	<segmented>0</segmented>
	<object>
		<name>Player</name>
		<pose>Unspecified</pose>
		<truncated>0</truncated>
		<difficult>0</difficult>
		<occluded>0</occluded>
		<bndbox>
			<xmin>277</xmin>
			<xmax>337</xmax>
			<ymin>461</ymin>
			<ymax>563</ymax>
		</bndbox>
	</object>
	<object>
		<name>Laezel</name>
		<pose>Unspecified</pose>
		<truncated>0</truncated>
		<difficult>0</difficult>
		<occluded>0</occluded>
		<bndbox>
			<xmin>255</xmin>
			<xmax>291</xmax>
			<ymin>347</ymin>
			<ymax>421</ymax>
		</bndbox>
	</object>
</annotation>
