<annotation>
	<folder></folder>
	<filename>frame_000071_png.rf.46e51c17b4d547327201c9cc04373669.jpg</filename>
	<path>frame_000071_png.rf.46e51c17b4d547327201c9cc04373669.jpg</path>
	<source>
		<database>roboflow.com</database>
	</source>
	<size>
		<width>640</width>
		<height>640</height>
		<depth>3</depth>
	</size>
	<segmented>0</segmented>
	<object>
		<name>Player</name>
		<pose>Unspecified</pose>
		<truncated>0</truncated>
		<difficult>0</difficult>
		<occluded>0</occluded>
		<bndbox>
			<xmin>226</xmin>
			<xmax>320</xmax>
			<ymin>267</ymin>
			<ymax>493</ymax>
		</bndbox>
	</object>
	<object>
		<name>Enemy Imp</name>
		<pose>Unspecified</pose>
		<truncated>0</truncated>
		<difficult>0</difficult>
		<occluded>0</occluded>
		<bndbox>
			<xmin>426</xmin>
			<xmax>455</xmax>
			<ymin>58</ymin>
			<ymax>112</ymax>
		</bndbox>
	</object>
	<object>
		<name>Enemy Hellsboar</name>
		<pose>Unspecified</pose>
		<truncated>0</truncated>
		<difficult>0</difficult>
		<occluded>0</occluded>
		<bndbox>
			<xmin>1</xmin>
			<xmax>159</xmax>
			<ymin>430</ymin>
			<ymax>624</ymax>
		</bndbox>
	</object>
</annotation>
