<annotation>
	<folder></folder>
	<filename>frame_000045_png.rf.5ccab5ca172762d126c0eb605a317fac.jpg</filename>
	<path>frame_000045_png.rf.5ccab5ca172762d126c0eb605a317fac.jpg</path>
	<source>
		<database>roboflow.com</database>
	</source>
	<size>
		<width>640</width>
		<height>640</height>
		<depth>3</depth>
	</size>
	<segmented>0</segmented>
	<object>
		<name>Enemy Hellsboar</name>
		<pose>Unspecified</pose>
		<truncated>0</truncated>
		<difficult>0</difficult>
		<occluded>0</occluded>
		<bndbox>
			<xmin>374</xmin>
			<xmax>461</xmax>
			<ymin>325</ymin>
			<ymax>436</ymax>
		</bndbox>
	</object>
	<object>
		<name>Enemy Imp</name>
		<pose>Unspecified</pose>
		<truncated>0</truncated>
		<difficult>0</difficult>
		<occluded>0</occluded>
		<bndbox>
			<xmin>290</xmin>
			<xmax>358</xmax>
			<ymin>263</ymin>
			<ymax>331</ymax>
		</bndbox>
	</object>
	<object>
		<name>Laezel</name>
		<pose>Unspecified</pose>
		<truncated>0</truncated>
		<difficult>0</difficult>
		<occluded>0</occluded>
		<bndbox>
			<xmin>395</xmin>
			<xmax>428</xmax>
			<ymin>88</ymin>
			<ymax>153</ymax>
		</bndbox>
	</object>
</annotation>
