<annotation>
	<folder></folder>
	<filename>frame_000013_png.rf.6ce4ac035c647d1517b867e68d1e22ee.jpg</filename>
	<path>frame_000013_png.rf.6ce4ac035c647d1517b867e68d1e22ee.jpg</path>
	<source>
		<database>roboflow.com</database>
	</source>
	<size>
		<width>640</width>
		<height>640</height>
		<depth>3</depth>
	</size>
	<segmented>0</segmented>
	<object>
		<name>Player</name>
		<pose>Unspecified</pose>
		<truncated>0</truncated>
		<difficult>0</difficult>
		<occluded>0</occluded>
		<bndbox>
			<xmin>306</xmin>
			<xmax>346</xmax>
			<ymin>302</ymin>
			<ymax>393</ymax>
		</bndbox>
	</object>
	<object>
		<name>Shadowheart</name>
		<pose>Unspecified</pose>
		<truncated>0</truncated>
		<difficult>0</difficult>
		<occluded>0</occluded>
		<bndbox>
			<xmin>215</xmin>
			<xmax>245</xmax>
			<ymin>392</ymin>
			<ymax>465</ymax>
		</bndbox>
	</object>
	<object>
		<name>Enemy Imp</name>
		<pose>Unspecified</pose>
		<truncated>0</truncated>
		<difficult>0</difficult>
		<occluded>0</occluded>
		<bndbox>
			<xmin>187</xmin>
			<xmax>221</xmax>
			<ymin>228</ymin>
			<ymax>286</ymax>
		</bndbox>
	</object>
</annotation>
