<annotation>
	<folder></folder>
	<filename>frame_000063_png.rf.29375048c29cb9ed12bd3536808be1f3.jpg</filename>
	<path>frame_000063_png.rf.29375048c29cb9ed12bd3536808be1f3.jpg</path>
	<source>
		<database>roboflow.com</database>
	</source>
	<size>
		<width>640</width>
		<height>640</height>
		<depth>3</depth>
	</size>
	<segmented>0</segmented>
	<object>
		<name>Laezel</name>
		<pose>Unspecified</pose>
		<truncated>0</truncated>
		<difficult>0</difficult>
		<occluded>0</occluded>
		<bndbox>
			<xmin>269</xmin>
			<xmax>294</xmax>
			<ymin>347</ymin>
			<ymax>429</ymax>
		</bndbox>
	</object>
	<object>
		<name>Player</name>
		<pose>Unspecified</pose>
		<truncated>0</truncated>
		<difficult>0</difficult>
		<occluded>0</occluded>
		<bndbox>
			<xmin>302</xmin>
			<xmax>354</xmax>
			<ymin>459</ymin>
			<ymax>558</ymax>
		</bndbox>
	</object>
</annotation>
