<annotation>
	<folder></folder>
	<filename>frame_000095_png.rf.c58ad3514da8ec8642a8bf56ec71607c.jpg</filename>
	<path>frame_000095_png.rf.c58ad3514da8ec8642a8bf56ec71607c.jpg</path>
	<source>
		<database>roboflow.com</database>
	</source>
	<size>
		<width>640</width>
		<height>640</height>
		<depth>3</depth>
	</size>
	<segmented>0</segmented>
	<object>
		<name>Enemy Hellsboar</name>
		<pose>Unspecified</pose>
		<truncated>0</truncated>
		<difficult>0</difficult>
		<occluded>0</occluded>
		<bndbox>
			<xmin>337</xmin>
			<xmax>395</xmax>
			<ymin>507</ymin>
			<ymax>641</ymax>
		</bndbox>
	</object>
	<object>
		<name>Laezel</name>
		<pose>Unspecified</pose>
		<truncated>0</truncated>
		<difficult>0</difficult>
		<occluded>0</occluded>
		<bndbox>
			<xmin>227</xmin>
			<xmax>253</xmax>
			<ymin>342</ymin>
			<ymax>399</ymax>
		</bndbox>
	</object>
	<object>
		<name>Enemy Imp</name>
		<pose>Unspecified</pose>
		<truncated>0</truncated>
		<difficult>0</difficult>
		<occluded>0</occluded>
		<bndbox>
			<xmin>210</xmin>
			<xmax>244</xmax>
			<ymin>252</ymin>
			<ymax>325</ymax>
		</bndbox>
	</object>
</annotation>
