<annotation>
	<folder></folder>
	<filename>frame_000045_png.rf.e57a8348dbc451086a82e1c5a67e00b0.jpg</filename>
	<path>frame_000045_png.rf.e57a8348dbc451086a82e1c5a67e00b0.jpg</path>
	<source>
		<database>roboflow.com</database>
	</source>
	<size>
		<width>640</width>
		<height>640</height>
		<depth>3</depth>
	</size>
	<segmented>0</segmented>
	<object>
		<name>Enemy Hellsboar</name>
		<pose>Unspecified</pose>
		<truncated>0</truncated>
		<difficult>0</difficult>
		<occluded>0</occluded>
		<bndbox>
			<xmin>396</xmin>
			<xmax>462</xmax>
			<ymin>307</ymin>
			<ymax>405</ymax>
		</bndbox>
	</object>
	<object>
		<name>Enemy Imp</name>
		<pose>Unspecified</pose>
		<truncated>0</truncated>
		<difficult>0</difficult>
		<occluded>0</occluded>
		<bndbox>
			<xmin>289</xmin>
			<xmax>346</xmax>
			<ymin>269</ymin>
			<ymax>324</ymax>
		</bndbox>
	</object>
	<object>
		<name>Laezel</name>
		<pose>Unspecified</pose>
		<truncated>0</truncated>
		<difficult>0</difficult>
		<occluded>0</occluded>
		<bndbox>
			<xmin>351</xmin>
			<xmax>369</xmax>
			<ymin>73</ymin>
			<ymax>136</ymax>
		</bndbox>
	</object>
</annotation>
