<annotation>
	<folder></folder>
	<filename>frame_000088_png.rf.e0c0b7aaf3ce4dca4d5846a3370af75b.jpg</filename>
	<path>frame_000088_png.rf.e0c0b7aaf3ce4dca4d5846a3370af75b.jpg</path>
	<source>
		<database>roboflow.com</database>
	</source>
	<size>
		<width>640</width>
		<height>640</height>
		<depth>3</depth>
	</size>
	<segmented>0</segmented>
	<object>
		<name>Laezel</name>
		<pose>Unspecified</pose>
		<truncated>0</truncated>
		<difficult>0</difficult>
		<occluded>0</occluded>
		<bndbox>
			<xmin>292</xmin>
			<xmax>352</xmax>
			<ymin>299</ymin>
			<ymax>533</ymax>
		</bndbox>
	</object>
	<object>
		<name>Enemy Imp</name>
		<pose>Unspecified</pose>
		<truncated>0</truncated>
		<difficult>0</difficult>
		<occluded>0</occluded>
		<bndbox>
			<xmin>168</xmin>
			<xmax>296</xmax>
			<ymin>107</ymin>
			<ymax>342</ymax>
		</bndbox>
	</object>
	<object>
		<name>Enemy Imp</name>
		<pose>Unspecified</pose>
		<truncated>0</truncated>
		<difficult>0</difficult>
		<occluded>0</occluded>
		<bndbox>
			<xmin>448</xmin>
			<xmax>486</xmax>
			<ymin>7</ymin>
			<ymax>83</ymax>
		</bndbox>
	</object>
</annotation>
