<annotation>
	<folder></folder>
	<filename>frame_000044_png.rf.148d660a8b3e2d6934cc6bd64f42d196.jpg</filename>
	<path>frame_000044_png.rf.148d660a8b3e2d6934cc6bd64f42d196.jpg</path>
	<source>
		<database>roboflow.com</database>
	</source>
	<size>
		<width>640</width>
		<height>640</height>
		<depth>3</depth>
	</size>
	<segmented>0</segmented>
	<object>
		<name>Player</name>
		<pose>Unspecified</pose>
		<truncated>0</truncated>
		<difficult>0</difficult>
		<occluded>0</occluded>
		<bndbox>
			<xmin>281</xmin>
			<xmax>336</xmax>
			<ymin>165</ymin>
			<ymax>248</ymax>
		</bndbox>
	</object>
	<object>
		<name>Shadowheart</name>
		<pose>Unspecified</pose>
		<truncated>0</truncated>
		<difficult>0</difficult>
		<occluded>0</occluded>
		<bndbox>
			<xmin>184</xmin>
			<xmax>243</xmax>
			<ymin>530</ymin>
			<ymax>618</ymax>
		</bndbox>
	</object>
	<object>
		<name>Enemy Hellsboar</name>
		<pose>Unspecified</pose>
		<truncated>0</truncated>
		<difficult>0</difficult>
		<occluded>0</occluded>
		<bndbox>
			<xmin>174</xmin>
			<xmax>254</xmax>
			<ymin>232</ymin>
			<ymax>325</ymax>
		</bndbox>
	</object>
</annotation>
