<annotation>
	<folder></folder>
	<filename>frame_000057_png.rf.69f054164b18db6b27705ee430fa5737.jpg</filename>
	<path>frame_000057_png.rf.69f054164b18db6b27705ee430fa5737.jpg</path>
	<source>
		<database>roboflow.com</database>
	</source>
	<size>
		<width>640</width>
		<height>640</height>
		<depth>3</depth>
	</size>
	<segmented>0</segmented>
	<object>
		<name>Enemy Hellsboar</name>
		<pose>Unspecified</pose>
		<truncated>0</truncated>
		<difficult>0</difficult>
		<occluded>0</occluded>
		<bndbox>
			<xmin>391</xmin>
			<xmax>451</xmax>
			<ymin>329</ymin>
			<ymax>424</ymax>
		</bndbox>
	</object>
</annotation>
