<annotation>
	<folder></folder>
	<filename>frame_000020_png.rf.eb3a9f317f270c80150097919e7d5709.jpg</filename>
	<path>frame_000020_png.rf.eb3a9f317f270c80150097919e7d5709.jpg</path>
	<source>
		<database>roboflow.com</database>
	</source>
	<size>
		<width>640</width>
		<height>640</height>
		<depth>3</depth>
	</size>
	<segmented>0</segmented>
	<object>
		<name>Enemy Hellsboar</name>
		<pose>Unspecified</pose>
		<truncated>0</truncated>
		<difficult>0</difficult>
		<occluded>0</occluded>
		<bndbox>
			<xmin>382</xmin>
			<xmax>437</xmax>
			<ymin>291</ymin>
			<ymax>428</ymax>
		</bndbox>
	</object>
	<object>
		<name>Enemy Imp</name>
		<pose>Unspecified</pose>
		<truncated>0</truncated>
		<difficult>0</difficult>
		<occluded>0</occluded>
		<bndbox>
			<xmin>400</xmin>
			<xmax>428</xmax>
			<ymin>62</ymin>
			<ymax>126</ymax>
		</bndbox>
	</object>
</annotation>
