<annotation>
	<folder></folder>
	<filename>frame_000093_png.rf.c929070607157cc1b38be7f059223e6e.jpg</filename>
	<path>frame_000093_png.rf.c929070607157cc1b38be7f059223e6e.jpg</path>
	<source>
		<database>roboflow.com</database>
	</source>
	<size>
		<width>640</width>
		<height>640</height>
		<depth>3</depth>
	</size>
	<segmented>0</segmented>
	<object>
		<name>Enemy Imp</name>
		<pose>Unspecified</pose>
		<truncated>0</truncated>
		<difficult>0</difficult>
		<occluded>0</occluded>
		<bndbox>
			<xmin>182</xmin>
			<xmax>379</xmax>
			<ymin>62</ymin>
			<ymax>429</ymax>
		</bndbox>
	</object>
	<object>
		<name>Laezel</name>
		<pose>Unspecified</pose>
		<truncated>0</truncated>
		<difficult>0</difficult>
		<occluded>0</occluded>
		<bndbox>
			<xmin>157</xmin>
			<xmax>308</xmax>
			<ymin>384</ymin>
			<ymax>641</ymax>
		</bndbox>
	</object>
	<object>
		<name>Enemy Imp</name>
		<pose>Unspecified</pose>
		<truncated>0</truncated>
		<difficult>0</difficult>
		<occluded>0</occluded>
		<bndbox>
			<xmin>59</xmin>
			<xmax>102</xmax>
			<ymin>61</ymin>
			<ymax>126</ymax>
		</bndbox>
	</object>
</annotation>
