<annotation>
	<folder></folder>
	<filename>frame_000087_png.rf.6e3e72cdf274b60ffe12ed9bfacad9ca.jpg</filename>
	<path>frame_000087_png.rf.6e3e72cdf274b60ffe12ed9bfacad9ca.jpg</path>
	<source>
		<database>roboflow.com</database>
	</source>
	<size>
		<width>640</width>
		<height>640</height>
		<depth>3</depth>
	</size>
	<segmented>0</segmented>
	<object>
		<name>Laezel</name>
		<pose>Unspecified</pose>
		<truncated>0</truncated>
		<difficult>0</difficult>
		<occluded>0</occluded>
		<bndbox>
			<xmin>326</xmin>
			<xmax>374</xmax>
			<ymin>295</ymin>
			<ymax>481</ymax>
		</bndbox>
	</object>
	<object>
		<name>Enemy Imp</name>
		<pose>Unspecified</pose>
		<truncated>0</truncated>
		<difficult>0</difficult>
		<occluded>0</occluded>
		<bndbox>
			<xmin>319</xmin>
			<xmax>429</xmax>
			<ymin>69</ymin>
			<ymax>259</ymax>
		</bndbox>
	</object>
</annotation>
