<annotation>
	<folder></folder>
	<filename>frame_000017_png.rf.5892a8ea9c7dcc14ac856e3f090decf0.jpg</filename>
	<path>frame_000017_png.rf.5892a8ea9c7dcc14ac856e3f090decf0.jpg</path>
	<source>
		<database>roboflow.com</database>
	</source>
	<size>
		<width>640</width>
		<height>640</height>
		<depth>3</depth>
	</size>
	<segmented>0</segmented>
	<object>
		<name>Enemy Imp</name>
		<pose>Unspecified</pose>
		<truncated>0</truncated>
		<difficult>0</difficult>
		<occluded>0</occluded>
		<bndbox>
			<xmin>188</xmin>
			<xmax>259</xmax>
			<ymin>174</ymin>
			<ymax>373</ymax>
		</bndbox>
	</object>
	<object>
		<name>Enemy Hellsboar</name>
		<pose>Unspecified</pose>
		<truncated>0</truncated>
		<difficult>0</difficult>
		<occluded>0</occluded>
		<bndbox>
			<xmin>424</xmin>
			<xmax>478</xmax>
			<ymin>198</ymin>
			<ymax>279</ymax>
		</bndbox>
	</object>
	<object>
		<name>Enemy Imp</name>
		<pose>Unspecified</pose>
		<truncated>0</truncated>
		<difficult>0</difficult>
		<occluded>0</occluded>
		<bndbox>
			<xmin>413</xmin>
			<xmax>437</xmax>
			<ymin>39</ymin>
			<ymax>90</ymax>
		</bndbox>
	</object>
</annotation>
