<annotation>
	<folder></folder>
	<filename>frame_000087_png.rf.93daa11a608f1bc824c4f7f21fe3e1b6.jpg</filename>
	<path>frame_000087_png.rf.93daa11a608f1bc824c4f7f21fe3e1b6.jpg</path>
	<source>
		<database>roboflow.com</database>
	</source>
	<size>
		<width>640</width>
		<height>640</height>
		<depth>3</depth>
	</size>
	<segmented>0</segmented>
	<object>
		<name>Laezel</name>
		<pose>Unspecified</pose>
		<truncated>0</truncated>
		<difficult>0</difficult>
		<occluded>0</occluded>
		<bndbox>
			<xmin>323</xmin>
			<xmax>390</xmax>
			<ymin>290</ymin>
			<ymax>479</ymax>
		</bndbox>
	</object>
	<object>
		<name>Enemy Imp</name>
		<pose>Unspecified</pose>
		<truncated>0</truncated>
		<difficult>0</difficult>
		<occluded>0</occluded>
		<bndbox>
			<xmin>293</xmin>
			<xmax>422</xmax>
			<ymin>60</ymin>
			<ymax>259</ymax>
		</bndbox>
	</object>
</annotation>
