<annotation>
	<folder></folder>
	<filename>frame_000072_png.rf.ee2eaf66b15a1543f71f3c2e0afbc8e5.jpg</filename>
	<path>frame_000072_png.rf.ee2eaf66b15a1543f71f3c2e0afbc8e5.jpg</path>
	<source>
		<database>roboflow.com</database>
	</source>
	<size>
		<width>640</width>
		<height>640</height>
		<depth>3</depth>
	</size>
	<segmented>0</segmented>
	<object>
		<name>Player</name>
		<pose>Unspecified</pose>
		<truncated>0</truncated>
		<difficult>0</difficult>
		<occluded>0</occluded>
		<bndbox>
			<xmin>144</xmin>
			<xmax>273</xmax>
			<ymin>220</ymin>
			<ymax>415</ymax>
		</bndbox>
	</object>
	<object>
		<name>Enemy Imp</name>
		<pose>Unspecified</pose>
		<truncated>0</truncated>
		<difficult>0</difficult>
		<occluded>0</occluded>
		<bndbox>
			<xmin>408</xmin>
			<xmax>445</xmax>
			<ymin>76</ymin>
			<ymax>132</ymax>
		</bndbox>
	</object>
</annotation>
