<annotation>
	<folder></folder>
	<filename>frame_000050_png.rf.e23a09c62e211fa53869337bc1ac8ed2.jpg</filename>
	<path>frame_000050_png.rf.e23a09c62e211fa53869337bc1ac8ed2.jpg</path>
	<source>
		<database>roboflow.com</database>
	</source>
	<size>
		<width>640</width>
		<height>640</height>
		<depth>3</depth>
	</size>
	<segmented>0</segmented>
	<object>
		<name>Enemy Hellsboar</name>
		<pose>Unspecified</pose>
		<truncated>0</truncated>
		<difficult>0</difficult>
		<occluded>0</occluded>
		<bndbox>
			<xmin>181</xmin>
			<xmax>257</xmax>
			<ymin>292</ymin>
			<ymax>394</ymax>
		</bndbox>
	</object>
</annotation>
