<annotation>
	<folder></folder>
	<filename>frame_000013_png.rf.9b6638869ced04ba074d7b941230d2b5.jpg</filename>
	<path>frame_000013_png.rf.9b6638869ced04ba074d7b941230d2b5.jpg</path>
	<source>
		<database>roboflow.com</database>
	</source>
	<size>
		<width>640</width>
		<height>640</height>
		<depth>3</depth>
	</size>
	<segmented>0</segmented>
	<object>
		<name>Player</name>
		<pose>Unspecified</pose>
		<truncated>0</truncated>
		<difficult>0</difficult>
		<occluded>0</occluded>
		<bndbox>
			<xmin>304</xmin>
			<xmax>352</xmax>
			<ymin>300</ymin>
			<ymax>395</ymax>
		</bndbox>
	</object>
	<object>
		<name>Shadowheart</name>
		<pose>Unspecified</pose>
		<truncated>0</truncated>
		<difficult>0</difficult>
		<occluded>0</occluded>
		<bndbox>
			<xmin>221</xmin>
			<xmax>258</xmax>
			<ymin>398</ymin>
			<ymax>473</ymax>
		</bndbox>
	</object>
	<object>
		<name>Enemy Imp</name>
		<pose>Unspecified</pose>
		<truncated>0</truncated>
		<difficult>0</difficult>
		<occluded>0</occluded>
		<bndbox>
			<xmin>180</xmin>
			<xmax>218</xmax>
			<ymin>237</ymin>
			<ymax>298</ymax>
		</bndbox>
	</object>
</annotation>
