<annotation>
	<folder></folder>
	<filename>frame_000117_png.rf.30c8b64052703796b25dfd8df9160efc.jpg</filename>
	<path>frame_000117_png.rf.30c8b64052703796b25dfd8df9160efc.jpg</path>
	<source>
		<database>roboflow.com</database>
	</source>
	<size>
		<width>640</width>
		<height>640</height>
		<depth>3</depth>
	</size>
	<segmented>0</segmented>
	<object>
		<name>Enemy Imp</name>
		<pose>Unspecified</pose>
		<truncated>0</truncated>
		<difficult>0</difficult>
		<occluded>0</occluded>
		<bndbox>
			<xmin>242</xmin>
			<xmax>412</xmax>
			<ymin>229</ymin>
			<ymax>427</ymax>
		</bndbox>
	</object>
</annotation>
