<annotation>
	<folder></folder>
	<filename>frame_000023_png.rf.64a814c7f0624047e4e421db0682e688.jpg</filename>
	<path>frame_000023_png.rf.64a814c7f0624047e4e421db0682e688.jpg</path>
	<source>
		<database>roboflow.com</database>
	</source>
	<size>
		<width>640</width>
		<height>640</height>
		<depth>3</depth>
	</size>
	<segmented>0</segmented>
	<object>
		<name>Enemy Imp</name>
		<pose>Unspecified</pose>
		<truncated>0</truncated>
		<difficult>0</difficult>
		<occluded>0</occluded>
		<bndbox>
			<xmin>244</xmin>
			<xmax>282</xmax>
			<ymin>118</ymin>
			<ymax>183</ymax>
		</bndbox>
	</object>
</annotation>
