<annotation>
	<folder></folder>
	<filename>frame_000061_png.rf.e70176ff09e6179cfe6e300d9bb59b07.jpg</filename>
	<path>frame_000061_png.rf.e70176ff09e6179cfe6e300d9bb59b07.jpg</path>
	<source>
		<database>roboflow.com</database>
	</source>
	<size>
		<width>640</width>
		<height>640</height>
		<depth>3</depth>
	</size>
	<segmented>0</segmented>
	<object>
		<name>Enemy Hellsboar</name>
		<pose>Unspecified</pose>
		<truncated>0</truncated>
		<difficult>0</difficult>
		<occluded>0</occluded>
		<bndbox>
			<xmin>297</xmin>
			<xmax>413</xmax>
			<ymin>233</ymin>
			<ymax>410</ymax>
		</bndbox>
	</object>
	<object>
		<name>Player</name>
		<pose>Unspecified</pose>
		<truncated>0</truncated>
		<difficult>0</difficult>
		<occluded>0</occluded>
		<bndbox>
			<xmin>259</xmin>
			<xmax>325</xmax>
			<ymin>112</ymin>
			<ymax>273</ymax>
		</bndbox>
	</object>
	<object>
		<name>Shadowheart</name>
		<pose>Unspecified</pose>
		<truncated>0</truncated>
		<difficult>0</difficult>
		<occluded>0</occluded>
		<bndbox>
			<xmin>165</xmin>
			<xmax>235</xmax>
			<ymin>127</ymin>
			<ymax>306</ymax>
		</bndbox>
	</object>
	<object>
		<name>Laezel</name>
		<pose>Unspecified</pose>
		<truncated>0</truncated>
		<difficult>0</difficult>
		<occluded>0</occluded>
		<bndbox>
			<xmin>206</xmin>
			<xmax>256</xmax>
			<ymin>93</ymin>
			<ymax>236</ymax>
		</bndbox>
	</object>
</annotation>
