<annotation>
	<folder></folder>
	<filename>frame_000071_png.rf.0fae6529fe8d828247cd58f16698f5bb.jpg</filename>
	<path>frame_000071_png.rf.0fae6529fe8d828247cd58f16698f5bb.jpg</path>
	<source>
		<database>roboflow.com</database>
	</source>
	<size>
		<width>640</width>
		<height>640</height>
		<depth>3</depth>
	</size>
	<segmented>0</segmented>
	<object>
		<name>Player</name>
		<pose>Unspecified</pose>
		<truncated>0</truncated>
		<difficult>0</difficult>
		<occluded>0</occluded>
		<bndbox>
			<xmin>327</xmin>
			<xmax>399</xmax>
			<ymin>274</ymin>
			<ymax>494</ymax>
		</bndbox>
	</object>
	<object>
		<name>Enemy Imp</name>
		<pose>Unspecified</pose>
		<truncated>0</truncated>
		<difficult>0</difficult>
		<occluded>0</occluded>
		<bndbox>
			<xmin>216</xmin>
			<xmax>240</xmax>
			<ymin>48</ymin>
			<ymax>100</ymax>
		</bndbox>
	</object>
	<object>
		<name>Enemy Hellsboar</name>
		<pose>Unspecified</pose>
		<truncated>0</truncated>
		<difficult>0</difficult>
		<occluded>0</occluded>
		<bndbox>
			<xmin>469</xmin>
			<xmax>640</xmax>
			<ymin>464</ymin>
			<ymax>641</ymax>
		</bndbox>
	</object>
</annotation>
