<annotation>
	<folder></folder>
	<filename>frame_000082_png.rf.374f3d75cfc06e75de90bf27b4d93a6f.jpg</filename>
	<path>frame_000082_png.rf.374f3d75cfc06e75de90bf27b4d93a6f.jpg</path>
	<source>
		<database>roboflow.com</database>
	</source>
	<size>
		<width>640</width>
		<height>640</height>
		<depth>3</depth>
	</size>
	<segmented>0</segmented>
	<object>
		<name>Enemy Imp</name>
		<pose>Unspecified</pose>
		<truncated>0</truncated>
		<difficult>0</difficult>
		<occluded>0</occluded>
		<bndbox>
			<xmin>246</xmin>
			<xmax>304</xmax>
			<ymin>166</ymin>
			<ymax>252</ymax>
		</bndbox>
	</object>
</annotation>
