<annotation>
	<folder></folder>
	<filename>frame_000023_png.rf.735fde68ac7c3171b22b01ba2a46f6f0.jpg</filename>
	<path>frame_000023_png.rf.735fde68ac7c3171b22b01ba2a46f6f0.jpg</path>
	<source>
		<database>roboflow.com</database>
	</source>
	<size>
		<width>640</width>
		<height>640</height>
		<depth>3</depth>
	</size>
	<segmented>0</segmented>
	<object>
		<name>Enemy Imp</name>
		<pose>Unspecified</pose>
		<truncated>0</truncated>
		<difficult>0</difficult>
		<occluded>0</occluded>
		<bndbox>
			<xmin>379</xmin>
			<xmax>415</xmax>
			<ymin>126</ymin>
			<ymax>190</ymax>
		</bndbox>
	</object>
</annotation>
