<annotation>
	<folder></folder>
	<filename>frame_000094_png.rf.209ec58b8fd0e569b9ce6361fd9fd0db.jpg</filename>
	<path>frame_000094_png.rf.209ec58b8fd0e569b9ce6361fd9fd0db.jpg</path>
	<source>
		<database>roboflow.com</database>
	</source>
	<size>
		<width>640</width>
		<height>640</height>
		<depth>3</depth>
	</size>
	<segmented>0</segmented>
	<object>
		<name>Enemy Hellsboar</name>
		<pose>Unspecified</pose>
		<truncated>0</truncated>
		<difficult>0</difficult>
		<occluded>0</occluded>
		<bndbox>
			<xmin>241</xmin>
			<xmax>297</xmax>
			<ymin>508</ymin>
			<ymax>641</ymax>
		</bndbox>
	</object>
	<object>
		<name>Player</name>
		<pose>Unspecified</pose>
		<truncated>0</truncated>
		<difficult>0</difficult>
		<occluded>0</occluded>
		<bndbox>
			<xmin>207</xmin>
			<xmax>248</xmax>
			<ymin>287</ymin>
			<ymax>364</ymax>
		</bndbox>
	</object>
	<object>
		<name>Laezel</name>
		<pose>Unspecified</pose>
		<truncated>0</truncated>
		<difficult>0</difficult>
		<occluded>0</occluded>
		<bndbox>
			<xmin>389</xmin>
			<xmax>415</xmax>
			<ymin>343</ymin>
			<ymax>409</ymax>
		</bndbox>
	</object>
	<object>
		<name>Enemy Imp</name>
		<pose>Unspecified</pose>
		<truncated>0</truncated>
		<difficult>0</difficult>
		<occluded>0</occluded>
		<bndbox>
			<xmin>399</xmin>
			<xmax>453</xmax>
			<ymin>225</ymin>
			<ymax>311</ymax>
		</bndbox>
	</object>
</annotation>
