<annotation>
	<folder></folder>
	<filename>frame_000049_png.rf.b88e5891defa91dd838df07cb2062fc9.jpg</filename>
	<path>frame_000049_png.rf.b88e5891defa91dd838df07cb2062fc9.jpg</path>
	<source>
		<database>roboflow.com</database>
	</source>
	<size>
		<width>640</width>
		<height>640</height>
		<depth>3</depth>
	</size>
	<segmented>0</segmented>
	<object>
		<name>Shadowheart</name>
		<pose>Unspecified</pose>
		<truncated>0</truncated>
		<difficult>0</difficult>
		<occluded>0</occluded>
		<bndbox>
			<xmin>308</xmin>
			<xmax>333</xmax>
			<ymin>317</ymin>
			<ymax>381</ymax>
		</bndbox>
	</object>
</annotation>
