<annotation>
	<folder></folder>
	<filename>frame_000115_png.rf.ed7e242c688a3dd803ce8a43267da4e0.jpg</filename>
	<path>frame_000115_png.rf.ed7e242c688a3dd803ce8a43267da4e0.jpg</path>
	<source>
		<database>roboflow.com</database>
	</source>
	<size>
		<width>640</width>
		<height>640</height>
		<depth>3</depth>
	</size>
	<segmented>0</segmented>
	<object>
		<name>Enemy Imp</name>
		<pose>Unspecified</pose>
		<truncated>0</truncated>
		<difficult>0</difficult>
		<occluded>0</occluded>
		<bndbox>
			<xmin>317</xmin>
			<xmax>420</xmax>
			<ymin>1</ymin>
			<ymax>175</ymax>
		</bndbox>
	</object>
	<object>
		<name>Player</name>
		<pose>Unspecified</pose>
		<truncated>0</truncated>
		<difficult>0</difficult>
		<occluded>0</occluded>
		<bndbox>
			<xmin>298</xmin>
			<xmax>405</xmax>
			<ymin>482</ymin>
			<ymax>641</ymax>
		</bndbox>
	</object>
</annotation>
