<annotation>
	<folder></folder>
	<filename>frame_000047_png.rf.d9dde17ca1a3084ef9dc699daa51867b.jpg</filename>
	<path>frame_000047_png.rf.d9dde17ca1a3084ef9dc699daa51867b.jpg</path>
	<source>
		<database>roboflow.com</database>
	</source>
	<size>
		<width>640</width>
		<height>640</height>
		<depth>3</depth>
	</size>
	<segmented>0</segmented>
	<object>
		<name>Enemy Imp</name>
		<pose>Unspecified</pose>
		<truncated>0</truncated>
		<difficult>0</difficult>
		<occluded>0</occluded>
		<bndbox>
			<xmin>293</xmin>
			<xmax>415</xmax>
			<ymin>224</ymin>
			<ymax>381</ymax>
		</bndbox>
	</object>
	<object>
		<name>Enemy Hellsboar</name>
		<pose>Unspecified</pose>
		<truncated>0</truncated>
		<difficult>0</difficult>
		<occluded>0</occluded>
		<bndbox>
			<xmin>1</xmin>
			<xmax>71</xmax>
			<ymin>305</ymin>
			<ymax>439</ymax>
		</bndbox>
	</object>
</annotation>
