<annotation>
	<folder></folder>
	<filename>frame_000057_png.rf.3a068f0a4106e0aa617e9e300f83d0ec.jpg</filename>
	<path>frame_000057_png.rf.3a068f0a4106e0aa617e9e300f83d0ec.jpg</path>
	<source>
		<database>roboflow.com</database>
	</source>
	<size>
		<width>640</width>
		<height>640</height>
		<depth>3</depth>
	</size>
	<segmented>0</segmented>
	<object>
		<name>Enemy Hellsboar</name>
		<pose>Unspecified</pose>
		<truncated>0</truncated>
		<difficult>0</difficult>
		<occluded>0</occluded>
		<bndbox>
			<xmin>391</xmin>
			<xmax>453</xmax>
			<ymin>327</ymin>
			<ymax>423</ymax>
		</bndbox>
	</object>
</annotation>
