<annotation>
	<folder></folder>
	<filename>frame_000038_png.rf.0ae31b1aa650e314135482e034f323be.jpg</filename>
	<path>frame_000038_png.rf.0ae31b1aa650e314135482e034f323be.jpg</path>
	<source>
		<database>roboflow.com</database>
	</source>
	<size>
		<width>640</width>
		<height>640</height>
		<depth>3</depth>
	</size>
	<segmented>0</segmented>
	<object>
		<name>Laezel</name>
		<pose>Unspecified</pose>
		<truncated>0</truncated>
		<difficult>0</difficult>
		<occluded>0</occluded>
		<bndbox>
			<xmin>267</xmin>
			<xmax>290</xmax>
			<ymin>341</ymin>
			<ymax>414</ymax>
		</bndbox>
	</object>
</annotation>
