<annotation>
	<folder></folder>
	<filename>frame_000023_png.rf.8022d480003ca12e506e3b14bfb316e7.jpg</filename>
	<path>frame_000023_png.rf.8022d480003ca12e506e3b14bfb316e7.jpg</path>
	<source>
		<database>roboflow.com</database>
	</source>
	<size>
		<width>640</width>
		<height>640</height>
		<depth>3</depth>
	</size>
	<segmented>0</segmented>
	<object>
		<name>Enemy Imp</name>
		<pose>Unspecified</pose>
		<truncated>0</truncated>
		<difficult>0</difficult>
		<occluded>0</occluded>
		<bndbox>
			<xmin>286</xmin>
			<xmax>353</xmax>
			<ymin>276</ymin>
			<ymax>347</ymax>
		</bndbox>
	</object>
	<object>
		<name>Player</name>
		<pose>Unspecified</pose>
		<truncated>0</truncated>
		<difficult>0</difficult>
		<occluded>0</occluded>
		<bndbox>
			<xmin>443</xmin>
			<xmax>520</xmax>
			<ymin>479</ymin>
			<ymax>592</ymax>
		</bndbox>
	</object>
</annotation>
