<annotation>
	<folder></folder>
	<filename>frame_000087_png.rf.5505b6c8b4724ad4fa364b22de0fdd88.jpg</filename>
	<path>frame_000087_png.rf.5505b6c8b4724ad4fa364b22de0fdd88.jpg</path>
	<source>
		<database>roboflow.com</database>
	</source>
	<size>
		<width>640</width>
		<height>640</height>
		<depth>3</depth>
	</size>
	<segmented>0</segmented>
	<object>
		<name>Laezel</name>
		<pose>Unspecified</pose>
		<truncated>0</truncated>
		<difficult>0</difficult>
		<occluded>0</occluded>
		<bndbox>
			<xmin>274</xmin>
			<xmax>316</xmax>
			<ymin>296</ymin>
			<ymax>481</ymax>
		</bndbox>
	</object>
	<object>
		<name>Enemy Imp</name>
		<pose>Unspecified</pose>
		<truncated>0</truncated>
		<difficult>0</difficult>
		<occluded>0</occluded>
		<bndbox>
			<xmin>211</xmin>
			<xmax>315</xmax>
			<ymin>73</ymin>
			<ymax>259</ymax>
		</bndbox>
	</object>
</annotation>
