<annotation>
	<folder></folder>
	<filename>frame_000033_png.rf.9c04995f2402eb525657b33cb1678d4e.jpg</filename>
	<path>frame_000033_png.rf.9c04995f2402eb525657b33cb1678d4e.jpg</path>
	<source>
		<database>roboflow.com</database>
	</source>
	<size>
		<width>640</width>
		<height>640</height>
		<depth>3</depth>
	</size>
	<segmented>0</segmented>
	<object>
		<name>Enemy Imp</name>
		<pose>Unspecified</pose>
		<truncated>0</truncated>
		<difficult>0</difficult>
		<occluded>0</occluded>
		<bndbox>
			<xmin>296</xmin>
			<xmax>348</xmax>
			<ymin>273</ymin>
			<ymax>346</ymax>
		</bndbox>
	</object>
	<object>
		<name>Player</name>
		<pose>Unspecified</pose>
		<truncated>0</truncated>
		<difficult>0</difficult>
		<occluded>0</occluded>
		<bndbox>
			<xmin>250</xmin>
			<xmax>319</xmax>
			<ymin>510</ymin>
			<ymax>607</ymax>
		</bndbox>
	</object>
</annotation>
