<annotation>
	<folder></folder>
	<filename>frame_000094_png.rf.b1db33cc8134bd7ebe5fa3038d52904d.jpg</filename>
	<path>frame_000094_png.rf.b1db33cc8134bd7ebe5fa3038d52904d.jpg</path>
	<source>
		<database>roboflow.com</database>
	</source>
	<size>
		<width>640</width>
		<height>640</height>
		<depth>3</depth>
	</size>
	<segmented>0</segmented>
	<object>
		<name>Enemy Hellsboar</name>
		<pose>Unspecified</pose>
		<truncated>0</truncated>
		<difficult>0</difficult>
		<occluded>0</occluded>
		<bndbox>
			<xmin>386</xmin>
			<xmax>440</xmax>
			<ymin>497</ymin>
			<ymax>636</ymax>
		</bndbox>
	</object>
	<object>
		<name>Player</name>
		<pose>Unspecified</pose>
		<truncated>0</truncated>
		<difficult>0</difficult>
		<occluded>0</occluded>
		<bndbox>
			<xmin>394</xmin>
			<xmax>434</xmax>
			<ymin>273</ymin>
			<ymax>350</ymax>
		</bndbox>
	</object>
	<object>
		<name>Laezel</name>
		<pose>Unspecified</pose>
		<truncated>0</truncated>
		<difficult>0</difficult>
		<occluded>0</occluded>
		<bndbox>
			<xmin>238</xmin>
			<xmax>263</xmax>
			<ymin>355</ymin>
			<ymax>420</ymax>
		</bndbox>
	</object>
	<object>
		<name>Enemy Imp</name>
		<pose>Unspecified</pose>
		<truncated>0</truncated>
		<difficult>0</difficult>
		<occluded>0</occluded>
		<bndbox>
			<xmin>183</xmin>
			<xmax>236</xmax>
			<ymin>242</ymin>
			<ymax>327</ymax>
		</bndbox>
	</object>
</annotation>
