<annotation>
	<folder></folder>
	<filename>frame_000002_png.rf.32b09a8d54795333df1af97535056438.jpg</filename>
	<path>frame_000002_png.rf.32b09a8d54795333df1af97535056438.jpg</path>
	<source>
		<database>roboflow.com</database>
	</source>
	<size>
		<width>640</width>
		<height>640</height>
		<depth>3</depth>
	</size>
	<segmented>0</segmented>
	<object>
		<name>Laezel</name>
		<pose>Unspecified</pose>
		<truncated>0</truncated>
		<difficult>0</difficult>
		<occluded>0</occluded>
		<bndbox>
			<xmin>249</xmin>
			<xmax>270</xmax>
			<ymin>359</ymin>
			<ymax>423</ymax>
		</bndbox>
	</object>
	<object>
		<name>Shadowheart</name>
		<pose>Unspecified</pose>
		<truncated>0</truncated>
		<difficult>0</difficult>
		<occluded>0</occluded>
		<bndbox>
			<xmin>279</xmin>
			<xmax>300</xmax>
			<ymin>309</ymin>
			<ymax>369</ymax>
		</bndbox>
	</object>
	<object>
		<name>Player</name>
		<pose>Unspecified</pose>
		<truncated>0</truncated>
		<difficult>0</difficult>
		<occluded>0</occluded>
		<bndbox>
			<xmin>228</xmin>
			<xmax>261</xmax>
			<ymin>298</ymin>
			<ymax>373</ymax>
		</bndbox>
	</object>
	<object>
		<name>Enemy Hellsboar</name>
		<pose>Unspecified</pose>
		<truncated>0</truncated>
		<difficult>0</difficult>
		<occluded>0</occluded>
		<bndbox>
			<xmin>229</xmin>
			<xmax>252</xmax>
			<ymin>161</ymin>
			<ymax>209</ymax>
		</bndbox>
	</object>
	<object>
		<name>Enemy Imp</name>
		<pose>Unspecified</pose>
		<truncated>0</truncated>
		<difficult>0</difficult>
		<occluded>0</occluded>
		<bndbox>
			<xmin>158</xmin>
			<xmax>177</xmax>
			<ymin>42</ymin>
			<ymax>80</ymax>
		</bndbox>
	</object>
	<object>
		<name>Enemy Imp</name>
		<pose>Unspecified</pose>
		<truncated>0</truncated>
		<difficult>0</difficult>
		<occluded>0</occluded>
		<bndbox>
			<xmin>354</xmin>
			<xmax>384</xmax>
			<ymin>126</ymin>
			<ymax>180</ymax>
		</bndbox>
	</object>
</annotation>
