<annotation>
	<folder></folder>
	<filename>frame_000054_png.rf.838f49451c5c56c950bddd1bf69882ca.jpg</filename>
	<path>frame_000054_png.rf.838f49451c5c56c950bddd1bf69882ca.jpg</path>
	<source>
		<database>roboflow.com</database>
	</source>
	<size>
		<width>640</width>
		<height>640</height>
		<depth>3</depth>
	</size>
	<segmented>0</segmented>
	<object>
		<name>Enemy Hellsboar</name>
		<pose>Unspecified</pose>
		<truncated>0</truncated>
		<difficult>0</difficult>
		<occluded>0</occluded>
		<bndbox>
			<xmin>336</xmin>
			<xmax>411</xmax>
			<ymin>283</ymin>
			<ymax>381</ymax>
		</bndbox>
	</object>
	<object>
		<name>Player</name>
		<pose>Unspecified</pose>
		<truncated>0</truncated>
		<difficult>0</difficult>
		<occluded>0</occluded>
		<bndbox>
			<xmin>250</xmin>
			<xmax>299</xmax>
			<ymin>224</ymin>
			<ymax>309</ymax>
		</bndbox>
	</object>
	<object>
		<name>Enemy Imp</name>
		<pose>Unspecified</pose>
		<truncated>0</truncated>
		<difficult>0</difficult>
		<occluded>0</occluded>
		<bndbox>
			<xmin>242</xmin>
			<xmax>287</xmax>
			<ymin>286</ymin>
			<ymax>355</ymax>
		</bndbox>
	</object>
</annotation>
