<annotation>
	<folder></folder>
	<filename>frame_000082_png.rf.d303d0e8a9d934f8e0c83af883b9630f.jpg</filename>
	<path>frame_000082_png.rf.d303d0e8a9d934f8e0c83af883b9630f.jpg</path>
	<source>
		<database>roboflow.com</database>
	</source>
	<size>
		<width>640</width>
		<height>640</height>
		<depth>3</depth>
	</size>
	<segmented>0</segmented>
	<object>
		<name>Enemy Imp</name>
		<pose>Unspecified</pose>
		<truncated>0</truncated>
		<difficult>0</difficult>
		<occluded>0</occluded>
		<bndbox>
			<xmin>256</xmin>
			<xmax>309</xmax>
			<ymin>164</ymin>
			<ymax>247</ymax>
		</bndbox>
	</object>
</annotation>
