<annotation>
	<folder></folder>
	<filename>frame_000047_png.rf.4192e3144e948d784862f9f2e9a0417e.jpg</filename>
	<path>frame_000047_png.rf.4192e3144e948d784862f9f2e9a0417e.jpg</path>
	<source>
		<database>roboflow.com</database>
	</source>
	<size>
		<width>640</width>
		<height>640</height>
		<depth>3</depth>
	</size>
	<segmented>0</segmented>
	<object>
		<name>Enemy Imp</name>
		<pose>Unspecified</pose>
		<truncated>0</truncated>
		<difficult>0</difficult>
		<occluded>0</occluded>
		<bndbox>
			<xmin>235</xmin>
			<xmax>345</xmax>
			<ymin>225</ymin>
			<ymax>374</ymax>
		</bndbox>
	</object>
	<object>
		<name>Enemy Hellsboar</name>
		<pose>Unspecified</pose>
		<truncated>0</truncated>
		<difficult>0</difficult>
		<occluded>0</occluded>
		<bndbox>
			<xmin>571</xmin>
			<xmax>641</xmax>
			<ymin>333</ymin>
			<ymax>462</ymax>
		</bndbox>
	</object>
</annotation>
