<annotation>
	<folder></folder>
	<filename>frame_000088_png.rf.fe5f2bf73d12cf4f050c6a47868a5a56.jpg</filename>
	<path>frame_000088_png.rf.fe5f2bf73d12cf4f050c6a47868a5a56.jpg</path>
	<source>
		<database>roboflow.com</database>
	</source>
	<size>
		<width>640</width>
		<height>640</height>
		<depth>3</depth>
	</size>
	<segmented>0</segmented>
	<object>
		<name>Laezel</name>
		<pose>Unspecified</pose>
		<truncated>0</truncated>
		<difficult>0</difficult>
		<occluded>0</occluded>
		<bndbox>
			<xmin>293</xmin>
			<xmax>345</xmax>
			<ymin>300</ymin>
			<ymax>532</ymax>
		</bndbox>
	</object>
	<object>
		<name>Enemy Imp</name>
		<pose>Unspecified</pose>
		<truncated>0</truncated>
		<difficult>0</difficult>
		<occluded>0</occluded>
		<bndbox>
			<xmin>175</xmin>
			<xmax>295</xmax>
			<ymin>106</ymin>
			<ymax>337</ymax>
		</bndbox>
	</object>
	<object>
		<name>Enemy Imp</name>
		<pose>Unspecified</pose>
		<truncated>0</truncated>
		<difficult>0</difficult>
		<occluded>0</occluded>
		<bndbox>
			<xmin>459</xmin>
			<xmax>494</xmax>
			<ymin>12</ymin>
			<ymax>87</ymax>
		</bndbox>
	</object>
</annotation>
