<annotation>
	<folder></folder>
	<filename>frame_000038_png.rf.0b6b30bd431cd3b5963040b36a9ca06b.jpg</filename>
	<path>frame_000038_png.rf.0b6b30bd431cd3b5963040b36a9ca06b.jpg</path>
	<source>
		<database>roboflow.com</database>
	</source>
	<size>
		<width>640</width>
		<height>640</height>
		<depth>3</depth>
	</size>
	<segmented>0</segmented>
	<object>
		<name>Laezel</name>
		<pose>Unspecified</pose>
		<truncated>0</truncated>
		<difficult>0</difficult>
		<occluded>0</occluded>
		<bndbox>
			<xmin>349</xmin>
			<xmax>369</xmax>
			<ymin>345</ymin>
			<ymax>417</ymax>
		</bndbox>
	</object>
</annotation>
