<annotation>
	<folder></folder>
	<filename>frame_000065_png.rf.10d460e8087a685a4d3bccf0aa603338.jpg</filename>
	<path>frame_000065_png.rf.10d460e8087a685a4d3bccf0aa603338.jpg</path>
	<source>
		<database>roboflow.com</database>
	</source>
	<size>
		<width>640</width>
		<height>640</height>
		<depth>3</depth>
	</size>
	<segmented>0</segmented>
	<object>
		<name>Player</name>
		<pose>Unspecified</pose>
		<truncated>0</truncated>
		<difficult>0</difficult>
		<occluded>0</occluded>
		<bndbox>
			<xmin>351</xmin>
			<xmax>415</xmax>
			<ymin>451</ymin>
			<ymax>554</ymax>
		</bndbox>
	</object>
	<object>
		<name>Laezel</name>
		<pose>Unspecified</pose>
		<truncated>0</truncated>
		<difficult>0</difficult>
		<occluded>0</occluded>
		<bndbox>
			<xmin>282</xmin>
			<xmax>321</xmax>
			<ymin>361</ymin>
			<ymax>436</ymax>
		</bndbox>
	</object>
</annotation>
