<annotation>
	<folder></folder>
	<filename>frame_000039_png.rf.a96a26ab77277973a96b1fb3021c525e.jpg</filename>
	<path>frame_000039_png.rf.a96a26ab77277973a96b1fb3021c525e.jpg</path>
	<source>
		<database>roboflow.com</database>
	</source>
	<size>
		<width>640</width>
		<height>640</height>
		<depth>3</depth>
	</size>
	<segmented>0</segmented>
	<object>
		<name>Laezel</name>
		<pose>Unspecified</pose>
		<truncated>0</truncated>
		<difficult>0</difficult>
		<occluded>0</occluded>
		<bndbox>
			<xmin>277</xmin>
			<xmax>301</xmax>
			<ymin>352</ymin>
			<ymax>428</ymax>
		</bndbox>
	</object>
</annotation>
