<annotation>
	<folder></folder>
	<filename>frame_000023_png.rf.d7c498868be47334664060dc5e3d654b.jpg</filename>
	<path>frame_000023_png.rf.d7c498868be47334664060dc5e3d654b.jpg</path>
	<source>
		<database>roboflow.com</database>
	</source>
	<size>
		<width>640</width>
		<height>640</height>
		<depth>3</depth>
	</size>
	<segmented>0</segmented>
	<object>
		<name>Enemy Imp</name>
		<pose>Unspecified</pose>
		<truncated>0</truncated>
		<difficult>0</difficult>
		<occluded>0</occluded>
		<bndbox>
			<xmin>292</xmin>
			<xmax>348</xmax>
			<ymin>281</ymin>
			<ymax>342</ymax>
		</bndbox>
	</object>
	<object>
		<name>Player</name>
		<pose>Unspecified</pose>
		<truncated>0</truncated>
		<difficult>0</difficult>
		<occluded>0</occluded>
		<bndbox>
			<xmin>189</xmin>
			<xmax>246</xmax>
			<ymin>516</ymin>
			<ymax>620</ymax>
		</bndbox>
	</object>
</annotation>
