<annotation>
	<folder></folder>
	<filename>frame_000064_png.rf.5d1729bcda625702039759b672021e83.jpg</filename>
	<path>frame_000064_png.rf.5d1729bcda625702039759b672021e83.jpg</path>
	<source>
		<database>roboflow.com</database>
	</source>
	<size>
		<width>640</width>
		<height>640</height>
		<depth>3</depth>
	</size>
	<segmented>0</segmented>
	<object>
		<name>Player</name>
		<pose>Unspecified</pose>
		<truncated>0</truncated>
		<difficult>0</difficult>
		<occluded>0</occluded>
		<bndbox>
			<xmin>307</xmin>
			<xmax>370</xmax>
			<ymin>459</ymin>
			<ymax>573</ymax>
		</bndbox>
	</object>
	<object>
		<name>Laezel</name>
		<pose>Unspecified</pose>
		<truncated>0</truncated>
		<difficult>0</difficult>
		<occluded>0</occluded>
		<bndbox>
			<xmin>353</xmin>
			<xmax>390</xmax>
			<ymin>345</ymin>
			<ymax>426</ymax>
		</bndbox>
	</object>
</annotation>
