<annotation>
	<folder></folder>
	<filename>frame_000042_png.rf.cfdf18970bbb5f8f38b3956b7b24df73.jpg</filename>
	<path>frame_000042_png.rf.cfdf18970bbb5f8f38b3956b7b24df73.jpg</path>
	<source>
		<database>roboflow.com</database>
	</source>
	<size>
		<width>640</width>
		<height>640</height>
		<depth>3</depth>
	</size>
	<segmented>0</segmented>
	<object>
		<name>Shadowheart</name>
		<pose>Unspecified</pose>
		<truncated>0</truncated>
		<difficult>0</difficult>
		<occluded>0</occluded>
		<bndbox>
			<xmin>285</xmin>
			<xmax>338</xmax>
			<ymin>387</ymin>
			<ymax>558</ymax>
		</bndbox>
	</object>
	<object>
		<name>Player</name>
		<pose>Unspecified</pose>
		<truncated>0</truncated>
		<difficult>0</difficult>
		<occluded>0</occluded>
		<bndbox>
			<xmin>150</xmin>
			<xmax>238</xmax>
			<ymin>436</ymin>
			<ymax>638</ymax>
		</bndbox>
	</object>
	<object>
		<name>Enemy Hellsboar</name>
		<pose>Unspecified</pose>
		<truncated>0</truncated>
		<difficult>0</difficult>
		<occluded>0</occluded>
		<bndbox>
			<xmin>93</xmin>
			<xmax>143</xmax>
			<ymin>252</ymin>
			<ymax>329</ymax>
		</bndbox>
	</object>
	<object>
		<name>Enemy Imp</name>
		<pose>Unspecified</pose>
		<truncated>0</truncated>
		<difficult>0</difficult>
		<occluded>0</occluded>
		<bndbox>
			<xmin>313</xmin>
			<xmax>353</xmax>
			<ymin>158</ymin>
			<ymax>215</ymax>
		</bndbox>
	</object>
</annotation>
