<annotation>
	<folder></folder>
	<filename>frame_000049_png.rf.88640c0481972ee026db074194f3aceb.jpg</filename>
	<path>frame_000049_png.rf.88640c0481972ee026db074194f3aceb.jpg</path>
	<source>
		<database>roboflow.com</database>
	</source>
	<size>
		<width>640</width>
		<height>640</height>
		<depth>3</depth>
	</size>
	<segmented>0</segmented>
	<object>
		<name>Shadowheart</name>
		<pose>Unspecified</pose>
		<truncated>0</truncated>
		<difficult>0</difficult>
		<occluded>0</occluded>
		<bndbox>
			<xmin>307</xmin>
			<xmax>340</xmax>
			<ymin>316</ymin>
			<ymax>383</ymax>
		</bndbox>
	</object>
</annotation>
