<annotation>
	<folder></folder>
	<filename>frame_000061_png.rf.00113b3ab82362b90f39ca49b2766820.jpg</filename>
	<path>frame_000061_png.rf.00113b3ab82362b90f39ca49b2766820.jpg</path>
	<source>
		<database>roboflow.com</database>
	</source>
	<size>
		<width>640</width>
		<height>640</height>
		<depth>3</depth>
	</size>
	<segmented>0</segmented>
	<object>
		<name>Player</name>
		<pose>Unspecified</pose>
		<truncated>0</truncated>
		<difficult>0</difficult>
		<occluded>0</occluded>
		<bndbox>
			<xmin>343</xmin>
			<xmax>390</xmax>
			<ymin>292</ymin>
			<ymax>384</ymax>
		</bndbox>
	</object>
	<object>
		<name>Laezel</name>
		<pose>Unspecified</pose>
		<truncated>0</truncated>
		<difficult>0</difficult>
		<occluded>0</occluded>
		<bndbox>
			<xmin>289</xmin>
			<xmax>322</xmax>
			<ymin>218</ymin>
			<ymax>293</ymax>
		</bndbox>
	</object>
</annotation>
