<annotation>
	<folder></folder>
	<filename>frame_000022_png.rf.75ea0b4be27d0ca5e64e40b41eba488b.jpg</filename>
	<path>frame_000022_png.rf.75ea0b4be27d0ca5e64e40b41eba488b.jpg</path>
	<source>
		<database>roboflow.com</database>
	</source>
	<size>
		<width>640</width>
		<height>640</height>
		<depth>3</depth>
	</size>
	<segmented>0</segmented>
	<object>
		<name>Enemy Imp</name>
		<pose>Unspecified</pose>
		<truncated>0</truncated>
		<difficult>0</difficult>
		<occluded>0</occluded>
		<bndbox>
			<xmin>422</xmin>
			<xmax>471</xmax>
			<ymin>134</ymin>
			<ymax>205</ymax>
		</bndbox>
	</object>
</annotation>
