<annotation>
	<folder></folder>
	<filename>frame_000034_png.rf.766d25900c4373496fc0fde1f15aa3b4.jpg</filename>
	<path>frame_000034_png.rf.766d25900c4373496fc0fde1f15aa3b4.jpg</path>
	<source>
		<database>roboflow.com</database>
	</source>
	<size>
		<width>640</width>
		<height>640</height>
		<depth>3</depth>
	</size>
	<segmented>0</segmented>
	<object>
		<name>Enemy Imp</name>
		<pose>Unspecified</pose>
		<truncated>0</truncated>
		<difficult>0</difficult>
		<occluded>0</occluded>
		<bndbox>
			<xmin>296</xmin>
			<xmax>347</xmax>
			<ymin>289</ymin>
			<ymax>359</ymax>
		</bndbox>
	</object>
	<object>
		<name>Laezel</name>
		<pose>Unspecified</pose>
		<truncated>0</truncated>
		<difficult>0</difficult>
		<occluded>0</occluded>
		<bndbox>
			<xmin>299</xmin>
			<xmax>340</xmax>
			<ymin>443</ymin>
			<ymax>545</ymax>
		</bndbox>
	</object>
	<object>
		<name>Player</name>
		<pose>Unspecified</pose>
		<truncated>0</truncated>
		<difficult>0</difficult>
		<occluded>0</occluded>
		<bndbox>
			<xmin>168</xmin>
			<xmax>224</xmax>
			<ymin>504</ymin>
			<ymax>619</ymax>
		</bndbox>
	</object>
</annotation>
