<annotation>
	<folder></folder>
	<filename>frame_000006_png.rf.915295f81bc8d30eebb88a81f924fbbc.jpg</filename>
	<path>frame_000006_png.rf.915295f81bc8d30eebb88a81f924fbbc.jpg</path>
	<source>
		<database>roboflow.com</database>
	</source>
	<size>
		<width>640</width>
		<height>640</height>
		<depth>3</depth>
	</size>
	<segmented>0</segmented>
	<object>
		<name>Player</name>
		<pose>Unspecified</pose>
		<truncated>0</truncated>
		<difficult>0</difficult>
		<occluded>0</occluded>
		<bndbox>
			<xmin>331</xmin>
			<xmax>364</xmax>
			<ymin>233</ymin>
			<ymax>307</ymax>
		</bndbox>
	</object>
	<object>
		<name>Laezel</name>
		<pose>Unspecified</pose>
		<truncated>0</truncated>
		<difficult>0</difficult>
		<occluded>0</occluded>
		<bndbox>
			<xmin>366</xmin>
			<xmax>384</xmax>
			<ymin>167</ymin>
			<ymax>226</ymax>
		</bndbox>
	</object>
	<object>
		<name>Enemy Imp</name>
		<pose>Unspecified</pose>
		<truncated>0</truncated>
		<difficult>0</difficult>
		<occluded>0</occluded>
		<bndbox>
			<xmin>238</xmin>
			<xmax>260</xmax>
			<ymin>187</ymin>
			<ymax>225</ymax>
		</bndbox>
	</object>
</annotation>
