<annotation>
	<folder></folder>
	<filename>frame_000062_png.rf.6ba38667c27dd57ce82bd0cda07e1a16.jpg</filename>
	<path>frame_000062_png.rf.6ba38667c27dd57ce82bd0cda07e1a16.jpg</path>
	<source>
		<database>roboflow.com</database>
	</source>
	<size>
		<width>640</width>
		<height>640</height>
		<depth>3</depth>
	</size>
	<segmented>0</segmented>
	<object>
		<name>Laezel</name>
		<pose>Unspecified</pose>
		<truncated>0</truncated>
		<difficult>0</difficult>
		<occluded>0</occluded>
		<bndbox>
			<xmin>326</xmin>
			<xmax>361</xmax>
			<ymin>363</ymin>
			<ymax>431</ymax>
		</bndbox>
	</object>
	<object>
		<name>Player</name>
		<pose>Unspecified</pose>
		<truncated>0</truncated>
		<difficult>0</difficult>
		<occluded>0</occluded>
		<bndbox>
			<xmin>243</xmin>
			<xmax>299</xmax>
			<ymin>457</ymin>
			<ymax>560</ymax>
		</bndbox>
	</object>
</annotation>
