<annotation>
	<folder></folder>
	<filename>frame_000023_png.rf.fa3faeed589c9d13344762651f471efd.jpg</filename>
	<path>frame_000023_png.rf.fa3faeed589c9d13344762651f471efd.jpg</path>
	<source>
		<database>roboflow.com</database>
	</source>
	<size>
		<width>640</width>
		<height>640</height>
		<depth>3</depth>
	</size>
	<segmented>0</segmented>
	<object>
		<name>Enemy Imp</name>
		<pose>Unspecified</pose>
		<truncated>0</truncated>
		<difficult>0</difficult>
		<occluded>0</occluded>
		<bndbox>
			<xmin>293</xmin>
			<xmax>347</xmax>
			<ymin>281</ymin>
			<ymax>341</ymax>
		</bndbox>
	</object>
	<object>
		<name>Player</name>
		<pose>Unspecified</pose>
		<truncated>0</truncated>
		<difficult>0</difficult>
		<occluded>0</occluded>
		<bndbox>
			<xmin>185</xmin>
			<xmax>240</xmax>
			<ymin>514</ymin>
			<ymax>617</ymax>
		</bndbox>
	</object>
</annotation>
