<annotation>
	<folder></folder>
	<filename>frame_000010_png.rf.90aae5d3a02c02e44f093562b51771c1.jpg</filename>
	<path>frame_000010_png.rf.90aae5d3a02c02e44f093562b51771c1.jpg</path>
	<source>
		<database>roboflow.com</database>
	</source>
	<size>
		<width>640</width>
		<height>640</height>
		<depth>3</depth>
	</size>
	<segmented>0</segmented>
	<object>
		<name>Enemy Imp</name>
		<pose>Unspecified</pose>
		<truncated>0</truncated>
		<difficult>0</difficult>
		<occluded>0</occluded>
		<bndbox>
			<xmin>361</xmin>
			<xmax>438</xmax>
			<ymin>318</ymin>
			<ymax>387</ymax>
		</bndbox>
	</object>
	<object>
		<name>Enemy Hellsboar</name>
		<pose>Unspecified</pose>
		<truncated>0</truncated>
		<difficult>0</difficult>
		<occluded>0</occluded>
		<bndbox>
			<xmin>306</xmin>
			<xmax>339</xmax>
			<ymin>297</ymin>
			<ymax>403</ymax>
		</bndbox>
	</object>
</annotation>
