<annotation>
	<folder></folder>
	<filename>frame_000058_png.rf.4406841b05920f2dd38da0bc943943f0.jpg</filename>
	<path>frame_000058_png.rf.4406841b05920f2dd38da0bc943943f0.jpg</path>
	<source>
		<database>roboflow.com</database>
	</source>
	<size>
		<width>640</width>
		<height>640</height>
		<depth>3</depth>
	</size>
	<segmented>0</segmented>
	<object>
		<name>Shadowheart</name>
		<pose>Unspecified</pose>
		<truncated>0</truncated>
		<difficult>0</difficult>
		<occluded>0</occluded>
		<bndbox>
			<xmin>355</xmin>
			<xmax>374</xmax>
			<ymin>314</ymin>
			<ymax>384</ymax>
		</bndbox>
	</object>
	<object>
		<name>Enemy Hellsboar</name>
		<pose>Unspecified</pose>
		<truncated>0</truncated>
		<difficult>0</difficult>
		<occluded>0</occluded>
		<bndbox>
			<xmin>390</xmin>
			<xmax>449</xmax>
			<ymin>333</ymin>
			<ymax>425</ymax>
		</bndbox>
	</object>
</annotation>
