<annotation>
	<folder></folder>
	<filename>frame_000017_png.rf.cc1dc425091a13c070790a3bbcbf453d.jpg</filename>
	<path>frame_000017_png.rf.cc1dc425091a13c070790a3bbcbf453d.jpg</path>
	<source>
		<database>roboflow.com</database>
	</source>
	<size>
		<width>640</width>
		<height>640</height>
		<depth>3</depth>
	</size>
	<segmented>0</segmented>
	<object>
		<name>Enemy Imp</name>
		<pose>Unspecified</pose>
		<truncated>0</truncated>
		<difficult>0</difficult>
		<occluded>0</occluded>
		<bndbox>
			<xmin>373</xmin>
			<xmax>480</xmax>
			<ymin>189</ymin>
			<ymax>398</ymax>
		</bndbox>
	</object>
	<object>
		<name>Enemy Hellsboar</name>
		<pose>Unspecified</pose>
		<truncated>0</truncated>
		<difficult>0</difficult>
		<occluded>0</occluded>
		<bndbox>
			<xmin>175</xmin>
			<xmax>244</xmax>
			<ymin>171</ymin>
			<ymax>261</ymax>
		</bndbox>
	</object>
	<object>
		<name>Enemy Imp</name>
		<pose>Unspecified</pose>
		<truncated>0</truncated>
		<difficult>0</difficult>
		<occluded>0</occluded>
		<bndbox>
			<xmin>252</xmin>
			<xmax>285</xmax>
			<ymin>22</ymin>
			<ymax>77</ymax>
		</bndbox>
	</object>
</annotation>
