<annotation>
	<folder></folder>
	<filename>frame_000007_png.rf.2e570252c7d12ab6f34645a0f6198638.jpg</filename>
	<path>frame_000007_png.rf.2e570252c7d12ab6f34645a0f6198638.jpg</path>
	<source>
		<database>roboflow.com</database>
	</source>
	<size>
		<width>640</width>
		<height>640</height>
		<depth>3</depth>
	</size>
	<segmented>0</segmented>
	<object>
		<name>Player</name>
		<pose>Unspecified</pose>
		<truncated>0</truncated>
		<difficult>0</difficult>
		<occluded>0</occluded>
		<bndbox>
			<xmin>373</xmin>
			<xmax>405</xmax>
			<ymin>240</ymin>
			<ymax>309</ymax>
		</bndbox>
	</object>
	<object>
		<name>Laezel</name>
		<pose>Unspecified</pose>
		<truncated>0</truncated>
		<difficult>0</difficult>
		<occluded>0</occluded>
		<bndbox>
			<xmin>405</xmin>
			<xmax>423</xmax>
			<ymin>171</ymin>
			<ymax>233</ymax>
		</bndbox>
	</object>
	<object>
		<name>Enemy Imp</name>
		<pose>Unspecified</pose>
		<truncated>0</truncated>
		<difficult>0</difficult>
		<occluded>0</occluded>
		<bndbox>
			<xmin>280</xmin>
			<xmax>299</xmax>
			<ymin>189</ymin>
			<ymax>228</ymax>
		</bndbox>
	</object>
</annotation>
