<annotation>
	<folder></folder>
	<filename>frame_000038_png.rf.e80e82924c68b6316ac6888e6e9efd52.jpg</filename>
	<path>frame_000038_png.rf.e80e82924c68b6316ac6888e6e9efd52.jpg</path>
	<source>
		<database>roboflow.com</database>
	</source>
	<size>
		<width>640</width>
		<height>640</height>
		<depth>3</depth>
	</size>
	<segmented>0</segmented>
	<object>
		<name>Laezel</name>
		<pose>Unspecified</pose>
		<truncated>0</truncated>
		<difficult>0</difficult>
		<occluded>0</occluded>
		<bndbox>
			<xmin>350</xmin>
			<xmax>369</xmax>
			<ymin>344</ymin>
			<ymax>416</ymax>
		</bndbox>
	</object>
</annotation>
