<annotation>
	<folder></folder>
	<filename>frame_000006_png.rf.fe97012b6c5a8a8ab985ce0ab1f64503.jpg</filename>
	<path>frame_000006_png.rf.fe97012b6c5a8a8ab985ce0ab1f64503.jpg</path>
	<source>
		<database>roboflow.com</database>
	</source>
	<size>
		<width>640</width>
		<height>640</height>
		<depth>3</depth>
	</size>
	<segmented>0</segmented>
	<object>
		<name>Enemy Imp</name>
		<pose>Unspecified</pose>
		<truncated>0</truncated>
		<difficult>0</difficult>
		<occluded>0</occluded>
		<bndbox>
			<xmin>192</xmin>
			<xmax>230</xmax>
			<ymin>165</ymin>
			<ymax>225</ymax>
		</bndbox>
	</object>
	<object>
		<name>Enemy Hellsboar</name>
		<pose>Unspecified</pose>
		<truncated>0</truncated>
		<difficult>0</difficult>
		<occluded>0</occluded>
		<bndbox>
			<xmin>373</xmin>
			<xmax>410</xmax>
			<ymin>209</ymin>
			<ymax>271</ymax>
		</bndbox>
	</object>
	<object>
		<name>Enemy Imp</name>
		<pose>Unspecified</pose>
		<truncated>0</truncated>
		<difficult>0</difficult>
		<occluded>0</occluded>
		<bndbox>
			<xmin>483</xmin>
			<xmax>507</xmax>
			<ymin>92</ymin>
			<ymax>131</ymax>
		</bndbox>
	</object>
	<object>
		<name>Player</name>
		<pose>Unspecified</pose>
		<truncated>0</truncated>
		<difficult>0</difficult>
		<occluded>0</occluded>
		<bndbox>
			<xmin>346</xmin>
			<xmax>416</xmax>
			<ymin>366</ymin>
			<ymax>544</ymax>
		</bndbox>
	</object>
	<object>
		<name>Shadowheart</name>
		<pose>Unspecified</pose>
		<truncated>0</truncated>
		<difficult>0</difficult>
		<occluded>0</occluded>
		<bndbox>
			<xmin>258</xmin>
			<xmax>296</xmax>
			<ymin>381</ymin>
			<ymax>528</ymax>
		</bndbox>
	</object>
	<object>
		<name>Laezel</name>
		<pose>Unspecified</pose>
		<truncated>0</truncated>
		<difficult>0</difficult>
		<occluded>0</occluded>
		<bndbox>
			<xmin>313</xmin>
			<xmax>359</xmax>
			<ymin>507</ymin>
			<ymax>585</ymax>
		</bndbox>
	</object>
</annotation>
