<annotation>
	<folder></folder>
	<filename>frame_000064_png.rf.bbb3e0ade2e963d174c68653ffbff4fa.jpg</filename>
	<path>frame_000064_png.rf.bbb3e0ade2e963d174c68653ffbff4fa.jpg</path>
	<source>
		<database>roboflow.com</database>
	</source>
	<size>
		<width>640</width>
		<height>640</height>
		<depth>3</depth>
	</size>
	<segmented>0</segmented>
	<object>
		<name>Player</name>
		<pose>Unspecified</pose>
		<truncated>0</truncated>
		<difficult>0</difficult>
		<occluded>0</occluded>
		<bndbox>
			<xmin>277</xmin>
			<xmax>324</xmax>
			<ymin>461</ymin>
			<ymax>569</ymax>
		</bndbox>
	</object>
	<object>
		<name>Laezel</name>
		<pose>Unspecified</pose>
		<truncated>0</truncated>
		<difficult>0</difficult>
		<occluded>0</occluded>
		<bndbox>
			<xmin>345</xmin>
			<xmax>370</xmax>
			<ymin>355</ymin>
			<ymax>433</ymax>
		</bndbox>
	</object>
</annotation>
