<annotation>
	<folder></folder>
	<filename>frame_000065_png.rf.36f5580a95b5c8377eafb1f6ce2ca61b.jpg</filename>
	<path>frame_000065_png.rf.36f5580a95b5c8377eafb1f6ce2ca61b.jpg</path>
	<source>
		<database>roboflow.com</database>
	</source>
	<size>
		<width>640</width>
		<height>640</height>
		<depth>3</depth>
	</size>
	<segmented>0</segmented>
	<object>
		<name>Player</name>
		<pose>Unspecified</pose>
		<truncated>0</truncated>
		<difficult>0</difficult>
		<occluded>0</occluded>
		<bndbox>
			<xmin>280</xmin>
			<xmax>324</xmax>
			<ymin>464</ymin>
			<ymax>560</ymax>
		</bndbox>
	</object>
	<object>
		<name>Laezel</name>
		<pose>Unspecified</pose>
		<truncated>0</truncated>
		<difficult>0</difficult>
		<occluded>0</occluded>
		<bndbox>
			<xmin>346</xmin>
			<xmax>370</xmax>
			<ymin>356</ymin>
			<ymax>427</ymax>
		</bndbox>
	</object>
</annotation>
