<annotation>
	<folder></folder>
	<filename>frame_000034_png.rf.3d0336cf17bb2d381177080bfe5d34aa.jpg</filename>
	<path>frame_000034_png.rf.3d0336cf17bb2d381177080bfe5d34aa.jpg</path>
	<source>
		<database>roboflow.com</database>
	</source>
	<size>
		<width>640</width>
		<height>640</height>
		<depth>3</depth>
	</size>
	<segmented>0</segmented>
	<object>
		<name>Enemy Imp</name>
		<pose>Unspecified</pose>
		<truncated>0</truncated>
		<difficult>0</difficult>
		<occluded>0</occluded>
		<bndbox>
			<xmin>299</xmin>
			<xmax>344</xmax>
			<ymin>290</ymin>
			<ymax>357</ymax>
		</bndbox>
	</object>
	<object>
		<name>Laezel</name>
		<pose>Unspecified</pose>
		<truncated>0</truncated>
		<difficult>0</difficult>
		<occluded>0</occluded>
		<bndbox>
			<xmin>318</xmin>
			<xmax>350</xmax>
			<ymin>444</ymin>
			<ymax>543</ymax>
		</bndbox>
	</object>
	<object>
		<name>Player</name>
		<pose>Unspecified</pose>
		<truncated>0</truncated>
		<difficult>0</difficult>
		<occluded>0</occluded>
		<bndbox>
			<xmin>194</xmin>
			<xmax>241</xmax>
			<ymin>516</ymin>
			<ymax>627</ymax>
		</bndbox>
	</object>
</annotation>
