<annotation>
	<folder></folder>
	<filename>frame_000072_png.rf.46724d528bfeeeb82f0fe221c085da07.jpg</filename>
	<path>frame_000072_png.rf.46724d528bfeeeb82f0fe221c085da07.jpg</path>
	<source>
		<database>roboflow.com</database>
	</source>
	<size>
		<width>640</width>
		<height>640</height>
		<depth>3</depth>
	</size>
	<segmented>0</segmented>
	<object>
		<name>Player</name>
		<pose>Unspecified</pose>
		<truncated>0</truncated>
		<difficult>0</difficult>
		<occluded>0</occluded>
		<bndbox>
			<xmin>387</xmin>
			<xmax>475</xmax>
			<ymin>255</ymin>
			<ymax>434</ymax>
		</bndbox>
	</object>
	<object>
		<name>Enemy Imp</name>
		<pose>Unspecified</pose>
		<truncated>0</truncated>
		<difficult>0</difficult>
		<occluded>0</occluded>
		<bndbox>
			<xmin>259</xmin>
			<xmax>284</xmax>
			<ymin>59</ymin>
			<ymax>110</ymax>
		</bndbox>
	</object>
</annotation>
