<annotation>
	<folder></folder>
	<filename>frame_000021_png.rf.75cc7979d7b24319f6722fdd7250e11f.jpg</filename>
	<path>frame_000021_png.rf.75cc7979d7b24319f6722fdd7250e11f.jpg</path>
	<source>
		<database>roboflow.com</database>
	</source>
	<size>
		<width>640</width>
		<height>640</height>
		<depth>3</depth>
	</size>
	<segmented>0</segmented>
	<object>
		<name>Enemy Hellsboar</name>
		<pose>Unspecified</pose>
		<truncated>0</truncated>
		<difficult>0</difficult>
		<occluded>0</occluded>
		<bndbox>
			<xmin>330</xmin>
			<xmax>403</xmax>
			<ymin>429</ymin>
			<ymax>641</ymax>
		</bndbox>
	</object>
	<object>
		<name>Enemy Imp</name>
		<pose>Unspecified</pose>
		<truncated>0</truncated>
		<difficult>0</difficult>
		<occluded>0</occluded>
		<bndbox>
			<xmin>423</xmin>
			<xmax>456</xmax>
			<ymin>74</ymin>
			<ymax>163</ymax>
		</bndbox>
	</object>
</annotation>
