<annotation>
	<folder></folder>
	<filename>frame_000117_png.rf.caa1e3bb580d8f0f4f8cd1eaef59e10b.jpg</filename>
	<path>frame_000117_png.rf.caa1e3bb580d8f0f4f8cd1eaef59e10b.jpg</path>
	<source>
		<database>roboflow.com</database>
	</source>
	<size>
		<width>640</width>
		<height>640</height>
		<depth>3</depth>
	</size>
	<segmented>0</segmented>
	<object>
		<name>Enemy Imp</name>
		<pose>Unspecified</pose>
		<truncated>0</truncated>
		<difficult>0</difficult>
		<occluded>0</occluded>
		<bndbox>
			<xmin>238</xmin>
			<xmax>416</xmax>
			<ymin>227</ymin>
			<ymax>431</ymax>
		</bndbox>
	</object>
</annotation>
