<annotation>
	<folder></folder>
	<filename>frame_000053_png.rf.a25d6b31e611fdfec6670776cdc7546c.jpg</filename>
	<path>frame_000053_png.rf.a25d6b31e611fdfec6670776cdc7546c.jpg</path>
	<source>
		<database>roboflow.com</database>
	</source>
	<size>
		<width>640</width>
		<height>640</height>
		<depth>3</depth>
	</size>
	<segmented>0</segmented>
	<object>
		<name>Enemy Imp</name>
		<pose>Unspecified</pose>
		<truncated>0</truncated>
		<difficult>0</difficult>
		<occluded>0</occluded>
		<bndbox>
			<xmin>295</xmin>
			<xmax>327</xmax>
			<ymin>180</ymin>
			<ymax>238</ymax>
		</bndbox>
	</object>
	<object>
		<name>Player</name>
		<pose>Unspecified</pose>
		<truncated>0</truncated>
		<difficult>0</difficult>
		<occluded>0</occluded>
		<bndbox>
			<xmin>313</xmin>
			<xmax>340</xmax>
			<ymin>147</ymin>
			<ymax>206</ymax>
		</bndbox>
	</object>
	<object>
		<name>Enemy Hellsboar</name>
		<pose>Unspecified</pose>
		<truncated>0</truncated>
		<difficult>0</difficult>
		<occluded>0</occluded>
		<bndbox>
			<xmin>369</xmin>
			<xmax>419</xmax>
			<ymin>215</ymin>
			<ymax>287</ymax>
		</bndbox>
	</object>
</annotation>
