<annotation>
	<folder></folder>
	<filename>frame_000066_png.rf.9f6c2fab671ed647bf3d03c9d6f0c7a9.jpg</filename>
	<path>frame_000066_png.rf.9f6c2fab671ed647bf3d03c9d6f0c7a9.jpg</path>
	<source>
		<database>roboflow.com</database>
	</source>
	<size>
		<width>640</width>
		<height>640</height>
		<depth>3</depth>
	</size>
	<segmented>0</segmented>
	<object>
		<name>Shadowheart</name>
		<pose>Unspecified</pose>
		<truncated>0</truncated>
		<difficult>0</difficult>
		<occluded>0</occluded>
		<bndbox>
			<xmin>441</xmin>
			<xmax>625</xmax>
			<ymin>411</ymin>
			<ymax>641</ymax>
		</bndbox>
	</object>
	<object>
		<name>Player</name>
		<pose>Unspecified</pose>
		<truncated>0</truncated>
		<difficult>0</difficult>
		<occluded>0</occluded>
		<bndbox>
			<xmin>223</xmin>
			<xmax>309</xmax>
			<ymin>168</ymin>
			<ymax>309</ymax>
		</bndbox>
	</object>
	<object>
		<name>Enemy Imp</name>
		<pose>Unspecified</pose>
		<truncated>0</truncated>
		<difficult>0</difficult>
		<occluded>0</occluded>
		<bndbox>
			<xmin>231</xmin>
			<xmax>262</xmax>
			<ymin>13</ymin>
			<ymax>62</ymax>
		</bndbox>
	</object>
	<object>
		<name>Enemy Hellsboar</name>
		<pose>Unspecified</pose>
		<truncated>0</truncated>
		<difficult>0</difficult>
		<occluded>0</occluded>
		<bndbox>
			<xmin>291</xmin>
			<xmax>481</xmax>
			<ymin>285</ymin>
			<ymax>454</ymax>
		</bndbox>
	</object>
</annotation>
