<annotation>
	<folder></folder>
	<filename>frame_000022_png.rf.a6142d9686233f985c144e44163afe97.jpg</filename>
	<path>frame_000022_png.rf.a6142d9686233f985c144e44163afe97.jpg</path>
	<source>
		<database>roboflow.com</database>
	</source>
	<size>
		<width>640</width>
		<height>640</height>
		<depth>3</depth>
	</size>
	<segmented>0</segmented>
	<object>
		<name>Enemy Imp</name>
		<pose>Unspecified</pose>
		<truncated>0</truncated>
		<difficult>0</difficult>
		<occluded>0</occluded>
		<bndbox>
			<xmin>223</xmin>
			<xmax>262</xmax>
			<ymin>107</ymin>
			<ymax>173</ymax>
		</bndbox>
	</object>
</annotation>
