<annotation>
	<folder></folder>
	<filename>frame_000035_png.rf.f5aea208595ba019ca1e1ea743d7bca1.jpg</filename>
	<path>frame_000035_png.rf.f5aea208595ba019ca1e1ea743d7bca1.jpg</path>
	<source>
		<database>roboflow.com</database>
	</source>
	<size>
		<width>640</width>
		<height>640</height>
		<depth>3</depth>
	</size>
	<segmented>0</segmented>
	<object>
		<name>Player</name>
		<pose>Unspecified</pose>
		<truncated>0</truncated>
		<difficult>0</difficult>
		<occluded>0</occluded>
		<bndbox>
			<xmin>364</xmin>
			<xmax>417</xmax>
			<ymin>449</ymin>
			<ymax>525</ymax>
		</bndbox>
	</object>
	<object>
		<name>Laezel</name>
		<pose>Unspecified</pose>
		<truncated>0</truncated>
		<difficult>0</difficult>
		<occluded>0</occluded>
		<bndbox>
			<xmin>304</xmin>
			<xmax>333</xmax>
			<ymin>301</ymin>
			<ymax>375</ymax>
		</bndbox>
	</object>
	<object>
		<name>Enemy Imp</name>
		<pose>Unspecified</pose>
		<truncated>0</truncated>
		<difficult>0</difficult>
		<occluded>0</occluded>
		<bndbox>
			<xmin>308</xmin>
			<xmax>358</xmax>
			<ymin>239</ymin>
			<ymax>296</ymax>
		</bndbox>
	</object>
</annotation>
