<annotation>
	<folder></folder>
	<filename>frame_000115_png.rf.3122937af13227b8cd91d7d2ad233380.jpg</filename>
	<path>frame_000115_png.rf.3122937af13227b8cd91d7d2ad233380.jpg</path>
	<source>
		<database>roboflow.com</database>
	</source>
	<size>
		<width>640</width>
		<height>640</height>
		<depth>3</depth>
	</size>
	<segmented>0</segmented>
	<object>
		<name>Enemy Imp</name>
		<pose>Unspecified</pose>
		<truncated>0</truncated>
		<difficult>0</difficult>
		<occluded>0</occluded>
		<bndbox>
			<xmin>368</xmin>
			<xmax>444</xmax>
			<ymin>1</ymin>
			<ymax>181</ymax>
		</bndbox>
	</object>
	<object>
		<name>Player</name>
		<pose>Unspecified</pose>
		<truncated>0</truncated>
		<difficult>0</difficult>
		<occluded>0</occluded>
		<bndbox>
			<xmin>271</xmin>
			<xmax>355</xmax>
			<ymin>490</ymin>
			<ymax>641</ymax>
		</bndbox>
	</object>
</annotation>
