<annotation>
	<folder></folder>
	<filename>frame_000003_png.rf.b0f6c3fef10fe54449ac8f11aa91ab27.jpg</filename>
	<path>frame_000003_png.rf.b0f6c3fef10fe54449ac8f11aa91ab27.jpg</path>
	<source>
		<database>roboflow.com</database>
	</source>
	<size>
		<width>640</width>
		<height>640</height>
		<depth>3</depth>
	</size>
	<segmented>0</segmented>
	<object>
		<name>Player</name>
		<pose>Unspecified</pose>
		<truncated>0</truncated>
		<difficult>0</difficult>
		<occluded>0</occluded>
		<bndbox>
			<xmin>333</xmin>
			<xmax>361</xmax>
			<ymin>233</ymin>
			<ymax>305</ymax>
		</bndbox>
	</object>
	<object>
		<name>Laezel</name>
		<pose>Unspecified</pose>
		<truncated>0</truncated>
		<difficult>0</difficult>
		<occluded>0</occluded>
		<bndbox>
			<xmin>369</xmin>
			<xmax>384</xmax>
			<ymin>170</ymin>
			<ymax>230</ymax>
		</bndbox>
	</object>
	<object>
		<name>Enemy Imp</name>
		<pose>Unspecified</pose>
		<truncated>0</truncated>
		<difficult>0</difficult>
		<occluded>0</occluded>
		<bndbox>
			<xmin>234</xmin>
			<xmax>270</xmax>
			<ymin>188</ymin>
			<ymax>215</ymax>
		</bndbox>
	</object>
</annotation>
