<annotation>
	<folder></folder>
	<filename>frame_000063_png.rf.6e576f2358c6ad32bc4b1e339c01976d.jpg</filename>
	<path>frame_000063_png.rf.6e576f2358c6ad32bc4b1e339c01976d.jpg</path>
	<source>
		<database>roboflow.com</database>
	</source>
	<size>
		<width>640</width>
		<height>640</height>
		<depth>3</depth>
	</size>
	<segmented>0</segmented>
	<object>
		<name>Laezel</name>
		<pose>Unspecified</pose>
		<truncated>0</truncated>
		<difficult>0</difficult>
		<occluded>0</occluded>
		<bndbox>
			<xmin>256</xmin>
			<xmax>290</xmax>
			<ymin>340</ymin>
			<ymax>424</ymax>
		</bndbox>
	</object>
	<object>
		<name>Player</name>
		<pose>Unspecified</pose>
		<truncated>0</truncated>
		<difficult>0</difficult>
		<occluded>0</occluded>
		<bndbox>
			<xmin>274</xmin>
			<xmax>337</xmax>
			<ymin>457</ymin>
			<ymax>560</ymax>
		</bndbox>
	</object>
</annotation>
