<annotation>
	<folder></folder>
	<filename>frame_000037_png.rf.670969342286a2f6025e903df9d54fdc.jpg</filename>
	<path>frame_000037_png.rf.670969342286a2f6025e903df9d54fdc.jpg</path>
	<source>
		<database>roboflow.com</database>
	</source>
	<size>
		<width>640</width>
		<height>640</height>
		<depth>3</depth>
	</size>
	<segmented>0</segmented>
	<object>
		<name>Player</name>
		<pose>Unspecified</pose>
		<truncated>0</truncated>
		<difficult>0</difficult>
		<occluded>0</occluded>
		<bndbox>
			<xmin>325</xmin>
			<xmax>376</xmax>
			<ymin>455</ymin>
			<ymax>540</ymax>
		</bndbox>
	</object>
	<object>
		<name>Laezel</name>
		<pose>Unspecified</pose>
		<truncated>0</truncated>
		<difficult>0</difficult>
		<occluded>0</occluded>
		<bndbox>
			<xmin>256</xmin>
			<xmax>282</xmax>
			<ymin>314</ymin>
			<ymax>395</ymax>
		</bndbox>
	</object>
</annotation>
