<annotation>
	<folder></folder>
	<filename>frame_000106_png.rf.a4f6cc91d9e4c6a99d960c3ec3f9abce.jpg</filename>
	<path>frame_000106_png.rf.a4f6cc91d9e4c6a99d960c3ec3f9abce.jpg</path>
	<source>
		<database>roboflow.com</database>
	</source>
	<size>
		<width>640</width>
		<height>640</height>
		<depth>3</depth>
	</size>
	<segmented>0</segmented>
	<object>
		<name>Laezel</name>
		<pose>Unspecified</pose>
		<truncated>0</truncated>
		<difficult>0</difficult>
		<occluded>0</occluded>
		<bndbox>
			<xmin>115</xmin>
			<xmax>170</xmax>
			<ymin>317</ymin>
			<ymax>486</ymax>
		</bndbox>
	</object>
	<object>
		<name>Shadowheart</name>
		<pose>Unspecified</pose>
		<truncated>0</truncated>
		<difficult>0</difficult>
		<occluded>0</occluded>
		<bndbox>
			<xmin>256</xmin>
			<xmax>285</xmax>
			<ymin>267</ymin>
			<ymax>388</ymax>
		</bndbox>
	</object>
	<object>
		<name>Player</name>
		<pose>Unspecified</pose>
		<truncated>0</truncated>
		<difficult>0</difficult>
		<occluded>0</occluded>
		<bndbox>
			<xmin>464</xmin>
			<xmax>532</xmax>
			<ymin>253</ymin>
			<ymax>397</ymax>
		</bndbox>
	</object>
	<object>
		<name>Enemy Imp</name>
		<pose>Unspecified</pose>
		<truncated>0</truncated>
		<difficult>0</difficult>
		<occluded>0</occluded>
		<bndbox>
			<xmin>399</xmin>
			<xmax>422</xmax>
			<ymin>40</ymin>
			<ymax>109</ymax>
		</bndbox>
	</object>
</annotation>
