<annotation>
	<folder></folder>
	<filename>frame_000034_png.rf.c8aadf17df6cd47718a91807bfb2a49f.jpg</filename>
	<path>frame_000034_png.rf.c8aadf17df6cd47718a91807bfb2a49f.jpg</path>
	<source>
		<database>roboflow.com</database>
	</source>
	<size>
		<width>640</width>
		<height>640</height>
		<depth>3</depth>
	</size>
	<segmented>0</segmented>
	<object>
		<name>Enemy Imp</name>
		<pose>Unspecified</pose>
		<truncated>0</truncated>
		<difficult>0</difficult>
		<occluded>0</occluded>
		<bndbox>
			<xmin>299</xmin>
			<xmax>345</xmax>
			<ymin>290</ymin>
			<ymax>357</ymax>
		</bndbox>
	</object>
	<object>
		<name>Laezel</name>
		<pose>Unspecified</pose>
		<truncated>0</truncated>
		<difficult>0</difficult>
		<occluded>0</occluded>
		<bndbox>
			<xmin>314</xmin>
			<xmax>348</xmax>
			<ymin>444</ymin>
			<ymax>544</ymax>
		</bndbox>
	</object>
	<object>
		<name>Player</name>
		<pose>Unspecified</pose>
		<truncated>0</truncated>
		<difficult>0</difficult>
		<occluded>0</occluded>
		<bndbox>
			<xmin>188</xmin>
			<xmax>237</xmax>
			<ymin>513</ymin>
			<ymax>625</ymax>
		</bndbox>
	</object>
</annotation>
