<annotation>
	<folder></folder>
	<filename>frame_000023_png.rf.8eb41e860bf50d1befb92dbc8c380cc3.jpg</filename>
	<path>frame_000023_png.rf.8eb41e860bf50d1befb92dbc8c380cc3.jpg</path>
	<source>
		<database>roboflow.com</database>
	</source>
	<size>
		<width>640</width>
		<height>640</height>
		<depth>3</depth>
	</size>
	<segmented>0</segmented>
	<object>
		<name>Enemy Imp</name>
		<pose>Unspecified</pose>
		<truncated>0</truncated>
		<difficult>0</difficult>
		<occluded>0</occluded>
		<bndbox>
			<xmin>374</xmin>
			<xmax>408</xmax>
			<ymin>124</ymin>
			<ymax>186</ymax>
		</bndbox>
	</object>
</annotation>
