<annotation>
	<folder></folder>
	<filename>frame_000037_png.rf.9757501192b5e71e2c1537acaf945dfa.jpg</filename>
	<path>frame_000037_png.rf.9757501192b5e71e2c1537acaf945dfa.jpg</path>
	<source>
		<database>roboflow.com</database>
	</source>
	<size>
		<width>640</width>
		<height>640</height>
		<depth>3</depth>
	</size>
	<segmented>0</segmented>
	<object>
		<name>Player</name>
		<pose>Unspecified</pose>
		<truncated>0</truncated>
		<difficult>0</difficult>
		<occluded>0</occluded>
		<bndbox>
			<xmin>259</xmin>
			<xmax>306</xmax>
			<ymin>454</ymin>
			<ymax>537</ymax>
		</bndbox>
	</object>
	<object>
		<name>Laezel</name>
		<pose>Unspecified</pose>
		<truncated>0</truncated>
		<difficult>0</difficult>
		<occluded>0</occluded>
		<bndbox>
			<xmin>360</xmin>
			<xmax>382</xmax>
			<ymin>317</ymin>
			<ymax>397</ymax>
		</bndbox>
	</object>
</annotation>
