<annotation>
	<folder></folder>
	<filename>frame_000036_png.rf.aaecf54d93938f6ff14ed25167a5d190.jpg</filename>
	<path>frame_000036_png.rf.aaecf54d93938f6ff14ed25167a5d190.jpg</path>
	<source>
		<database>roboflow.com</database>
	</source>
	<size>
		<width>640</width>
		<height>640</height>
		<depth>3</depth>
	</size>
	<segmented>0</segmented>
	<object>
		<name>Laezel</name>
		<pose>Unspecified</pose>
		<truncated>0</truncated>
		<difficult>0</difficult>
		<occluded>0</occluded>
		<bndbox>
			<xmin>310</xmin>
			<xmax>334</xmax>
			<ymin>307</ymin>
			<ymax>386</ymax>
		</bndbox>
	</object>
	<object>
		<name>Player</name>
		<pose>Unspecified</pose>
		<truncated>0</truncated>
		<difficult>0</difficult>
		<occluded>0</occluded>
		<bndbox>
			<xmin>202</xmin>
			<xmax>245</xmax>
			<ymin>440</ymin>
			<ymax>525</ymax>
		</bndbox>
	</object>
</annotation>
