<annotation>
	<folder></folder>
	<filename>frame_000049_png.rf.a65cb21369c1931021a866faf1595fab.jpg</filename>
	<path>frame_000049_png.rf.a65cb21369c1931021a866faf1595fab.jpg</path>
	<source>
		<database>roboflow.com</database>
	</source>
	<size>
		<width>640</width>
		<height>640</height>
		<depth>3</depth>
	</size>
	<segmented>0</segmented>
	<object>
		<name>Shadowheart</name>
		<pose>Unspecified</pose>
		<truncated>0</truncated>
		<difficult>0</difficult>
		<occluded>0</occluded>
		<bndbox>
			<xmin>294</xmin>
			<xmax>334</xmax>
			<ymin>314</ymin>
			<ymax>383</ymax>
		</bndbox>
	</object>
</annotation>
