<annotation>
	<folder></folder>
	<filename>frame_000054_png.rf.748a96c12a3d1febe24bf7c1aa6a86e1.jpg</filename>
	<path>frame_000054_png.rf.748a96c12a3d1febe24bf7c1aa6a86e1.jpg</path>
	<source>
		<database>roboflow.com</database>
	</source>
	<size>
		<width>640</width>
		<height>640</height>
		<depth>3</depth>
	</size>
	<segmented>0</segmented>
	<object>
		<name>Enemy Hellsboar</name>
		<pose>Unspecified</pose>
		<truncated>0</truncated>
		<difficult>0</difficult>
		<occluded>0</occluded>
		<bndbox>
			<xmin>243</xmin>
			<xmax>307</xmax>
			<ymin>303</ymin>
			<ymax>396</ymax>
		</bndbox>
	</object>
	<object>
		<name>Player</name>
		<pose>Unspecified</pose>
		<truncated>0</truncated>
		<difficult>0</difficult>
		<occluded>0</occluded>
		<bndbox>
			<xmin>327</xmin>
			<xmax>366</xmax>
			<ymin>213</ymin>
			<ymax>295</ymax>
		</bndbox>
	</object>
	<object>
		<name>Enemy Imp</name>
		<pose>Unspecified</pose>
		<truncated>0</truncated>
		<difficult>0</difficult>
		<occluded>0</occluded>
		<bndbox>
			<xmin>355</xmin>
			<xmax>392</xmax>
			<ymin>268</ymin>
			<ymax>334</ymax>
		</bndbox>
	</object>
</annotation>
