<annotation>
	<folder></folder>
	<filename>frame_000083_png.rf.8ab2e74f514f400fc1e9ad33e4e46711.jpg</filename>
	<path>frame_000083_png.rf.8ab2e74f514f400fc1e9ad33e4e46711.jpg</path>
	<source>
		<database>roboflow.com</database>
	</source>
	<size>
		<width>640</width>
		<height>640</height>
		<depth>3</depth>
	</size>
	<segmented>0</segmented>
	<object>
		<name>Enemy Imp</name>
		<pose>Unspecified</pose>
		<truncated>0</truncated>
		<difficult>0</difficult>
		<occluded>0</occluded>
		<bndbox>
			<xmin>358</xmin>
			<xmax>425</xmax>
			<ymin>78</ymin>
			<ymax>173</ymax>
		</bndbox>
	</object>
	<object>
		<name>Enemy Hellsboar</name>
		<pose>Unspecified</pose>
		<truncated>0</truncated>
		<difficult>0</difficult>
		<occluded>0</occluded>
		<bndbox>
			<xmin>6</xmin>
			<xmax>116</xmax>
			<ymin>361</ymin>
			<ymax>503</ymax>
		</bndbox>
	</object>
	<object>
		<name>Shadowheart</name>
		<pose>Unspecified</pose>
		<truncated>0</truncated>
		<difficult>0</difficult>
		<occluded>0</occluded>
		<bndbox>
			<xmin>23</xmin>
			<xmax>179</xmax>
			<ymin>480</ymin>
			<ymax>641</ymax>
		</bndbox>
	</object>
	<object>
		<name>Player</name>
		<pose>Unspecified</pose>
		<truncated>0</truncated>
		<difficult>0</difficult>
		<occluded>0</occluded>
		<bndbox>
			<xmin>80</xmin>
			<xmax>137</xmax>
			<ymin>152</ymin>
			<ymax>261</ymax>
		</bndbox>
	</object>
</annotation>
