<annotation>
	<folder></folder>
	<filename>frame_000064_png.rf.4997fbd13dfa0092cb26a65d78da6fbb.jpg</filename>
	<path>frame_000064_png.rf.4997fbd13dfa0092cb26a65d78da6fbb.jpg</path>
	<source>
		<database>roboflow.com</database>
	</source>
	<size>
		<width>640</width>
		<height>640</height>
		<depth>3</depth>
	</size>
	<segmented>0</segmented>
	<object>
		<name>Player</name>
		<pose>Unspecified</pose>
		<truncated>0</truncated>
		<difficult>0</difficult>
		<occluded>0</occluded>
		<bndbox>
			<xmin>282</xmin>
			<xmax>327</xmax>
			<ymin>462</ymin>
			<ymax>569</ymax>
		</bndbox>
	</object>
	<object>
		<name>Laezel</name>
		<pose>Unspecified</pose>
		<truncated>0</truncated>
		<difficult>0</difficult>
		<occluded>0</occluded>
		<bndbox>
			<xmin>347</xmin>
			<xmax>371</xmax>
			<ymin>354</ymin>
			<ymax>432</ymax>
		</bndbox>
	</object>
</annotation>
