<annotation>
	<folder></folder>
	<filename>frame_000003_png.rf.f62c3a536ebab25633f2b1a846aec582.jpg</filename>
	<path>frame_000003_png.rf.f62c3a536ebab25633f2b1a846aec582.jpg</path>
	<source>
		<database>roboflow.com</database>
	</source>
	<size>
		<width>640</width>
		<height>640</height>
		<depth>3</depth>
	</size>
	<segmented>0</segmented>
	<object>
		<name>Player</name>
		<pose>Unspecified</pose>
		<truncated>0</truncated>
		<difficult>0</difficult>
		<occluded>0</occluded>
		<bndbox>
			<xmin>282</xmin>
			<xmax>313</xmax>
			<ymin>232</ymin>
			<ymax>304</ymax>
		</bndbox>
	</object>
	<object>
		<name>Laezel</name>
		<pose>Unspecified</pose>
		<truncated>0</truncated>
		<difficult>0</difficult>
		<occluded>0</occluded>
		<bndbox>
			<xmin>262</xmin>
			<xmax>279</xmax>
			<ymin>168</ymin>
			<ymax>228</ymax>
		</bndbox>
	</object>
	<object>
		<name>Enemy Imp</name>
		<pose>Unspecified</pose>
		<truncated>0</truncated>
		<difficult>0</difficult>
		<occluded>0</occluded>
		<bndbox>
			<xmin>376</xmin>
			<xmax>412</xmax>
			<ymin>190</ymin>
			<ymax>219</ymax>
		</bndbox>
	</object>
</annotation>
