<annotation>
	<folder></folder>
	<filename>frame_000044_png.rf.b9f96ab13aaf07edcd8d527e90122a52.jpg</filename>
	<path>frame_000044_png.rf.b9f96ab13aaf07edcd8d527e90122a52.jpg</path>
	<source>
		<database>roboflow.com</database>
	</source>
	<size>
		<width>640</width>
		<height>640</height>
		<depth>3</depth>
	</size>
	<segmented>0</segmented>
	<object>
		<name>Player</name>
		<pose>Unspecified</pose>
		<truncated>0</truncated>
		<difficult>0</difficult>
		<occluded>0</occluded>
		<bndbox>
			<xmin>337</xmin>
			<xmax>377</xmax>
			<ymin>173</ymin>
			<ymax>249</ymax>
		</bndbox>
	</object>
	<object>
		<name>Shadowheart</name>
		<pose>Unspecified</pose>
		<truncated>0</truncated>
		<difficult>0</difficult>
		<occluded>0</occluded>
		<bndbox>
			<xmin>352</xmin>
			<xmax>395</xmax>
			<ymin>551</ymin>
			<ymax>632</ymax>
		</bndbox>
	</object>
	<object>
		<name>Enemy Hellsboar</name>
		<pose>Unspecified</pose>
		<truncated>0</truncated>
		<difficult>0</difficult>
		<occluded>0</occluded>
		<bndbox>
			<xmin>402</xmin>
			<xmax>467</xmax>
			<ymin>261</ymin>
			<ymax>342</ymax>
		</bndbox>
	</object>
</annotation>
