<annotation>
	<folder></folder>
	<filename>frame_000035_png.rf.c701fb24735e2b3df4f16f8a35d5211e.jpg</filename>
	<path>frame_000035_png.rf.c701fb24735e2b3df4f16f8a35d5211e.jpg</path>
	<source>
		<database>roboflow.com</database>
	</source>
	<size>
		<width>640</width>
		<height>640</height>
		<depth>3</depth>
	</size>
	<segmented>0</segmented>
	<object>
		<name>Player</name>
		<pose>Unspecified</pose>
		<truncated>0</truncated>
		<difficult>0</difficult>
		<occluded>0</occluded>
		<bndbox>
			<xmin>391</xmin>
			<xmax>435</xmax>
			<ymin>440</ymin>
			<ymax>511</ymax>
		</bndbox>
	</object>
	<object>
		<name>Laezel</name>
		<pose>Unspecified</pose>
		<truncated>0</truncated>
		<difficult>0</difficult>
		<occluded>0</occluded>
		<bndbox>
			<xmin>311</xmin>
			<xmax>330</xmax>
			<ymin>302</ymin>
			<ymax>374</ymax>
		</bndbox>
	</object>
	<object>
		<name>Enemy Imp</name>
		<pose>Unspecified</pose>
		<truncated>0</truncated>
		<difficult>0</difficult>
		<occluded>0</occluded>
		<bndbox>
			<xmin>304</xmin>
			<xmax>347</xmax>
			<ymin>241</ymin>
			<ymax>292</ymax>
		</bndbox>
	</object>
</annotation>
