<annotation>
	<folder></folder>
	<filename>frame_000072_png.rf.20b01fd252408368bdd211ebd88ee0ed.jpg</filename>
	<path>frame_000072_png.rf.20b01fd252408368bdd211ebd88ee0ed.jpg</path>
	<source>
		<database>roboflow.com</database>
	</source>
	<size>
		<width>640</width>
		<height>640</height>
		<depth>3</depth>
	</size>
	<segmented>0</segmented>
	<object>
		<name>Player</name>
		<pose>Unspecified</pose>
		<truncated>0</truncated>
		<difficult>0</difficult>
		<occluded>0</occluded>
		<bndbox>
			<xmin>151</xmin>
			<xmax>266</xmax>
			<ymin>232</ymin>
			<ymax>423</ymax>
		</bndbox>
	</object>
	<object>
		<name>Enemy Imp</name>
		<pose>Unspecified</pose>
		<truncated>0</truncated>
		<difficult>0</difficult>
		<occluded>0</occluded>
		<bndbox>
			<xmin>391</xmin>
			<xmax>424</xmax>
			<ymin>68</ymin>
			<ymax>123</ymax>
		</bndbox>
	</object>
</annotation>
