<annotation>
	<folder></folder>
	<filename>frame_000013_png.rf.8cd43f23d1846eb26d2dd4076fdfd783.jpg</filename>
	<path>frame_000013_png.rf.8cd43f23d1846eb26d2dd4076fdfd783.jpg</path>
	<source>
		<database>roboflow.com</database>
	</source>
	<size>
		<width>640</width>
		<height>640</height>
		<depth>3</depth>
	</size>
	<segmented>0</segmented>
	<object>
		<name>Enemy Imp</name>
		<pose>Unspecified</pose>
		<truncated>0</truncated>
		<difficult>0</difficult>
		<occluded>0</occluded>
		<bndbox>
			<xmin>293</xmin>
			<xmax>322</xmax>
			<ymin>231</ymin>
			<ymax>275</ymax>
		</bndbox>
	</object>
	<object>
		<name>Shadowheart</name>
		<pose>Unspecified</pose>
		<truncated>0</truncated>
		<difficult>0</difficult>
		<occluded>0</occluded>
		<bndbox>
			<xmin>275</xmin>
			<xmax>299</xmax>
			<ymin>513</ymin>
			<ymax>585</ymax>
		</bndbox>
	</object>
	<object>
		<name>Enemy Hellsboar</name>
		<pose>Unspecified</pose>
		<truncated>0</truncated>
		<difficult>0</difficult>
		<occluded>0</occluded>
		<bndbox>
			<xmin>432</xmin>
			<xmax>478</xmax>
			<ymin>332</ymin>
			<ymax>394</ymax>
		</bndbox>
	</object>
	<object>
		<name>Enemy Imp</name>
		<pose>Unspecified</pose>
		<truncated>0</truncated>
		<difficult>0</difficult>
		<occluded>0</occluded>
		<bndbox>
			<xmin>622</xmin>
			<xmax>641</xmax>
			<ymin>219</ymin>
			<ymax>260</ymax>
		</bndbox>
	</object>
</annotation>
