<annotation>
	<folder></folder>
	<filename>frame_000025_png.rf.91cdec2dedc6edb52bb29795ceee1cdb.jpg</filename>
	<path>frame_000025_png.rf.91cdec2dedc6edb52bb29795ceee1cdb.jpg</path>
	<source>
		<database>roboflow.com</database>
	</source>
	<size>
		<width>640</width>
		<height>640</height>
		<depth>3</depth>
	</size>
	<segmented>0</segmented>
	<object>
		<name>Player</name>
		<pose>Unspecified</pose>
		<truncated>0</truncated>
		<difficult>0</difficult>
		<occluded>0</occluded>
		<bndbox>
			<xmin>267</xmin>
			<xmax>298</xmax>
			<ymin>391</ymin>
			<ymax>445</ymax>
		</bndbox>
	</object>
	<object>
		<name>Enemy Imp</name>
		<pose>Unspecified</pose>
		<truncated>0</truncated>
		<difficult>0</difficult>
		<occluded>0</occluded>
		<bndbox>
			<xmin>335</xmin>
			<xmax>358</xmax>
			<ymin>231</ymin>
			<ymax>274</ymax>
		</bndbox>
	</object>
	<object>
		<name>Laezel</name>
		<pose>Unspecified</pose>
		<truncated>0</truncated>
		<difficult>0</difficult>
		<occluded>0</occluded>
		<bndbox>
			<xmin>395</xmin>
			<xmax>420</xmax>
			<ymin>565</ymin>
			<ymax>608</ymax>
		</bndbox>
	</object>
	<object>
		<name>Enemy Hellsboar</name>
		<pose>Unspecified</pose>
		<truncated>0</truncated>
		<difficult>0</difficult>
		<occluded>0</occluded>
		<bndbox>
			<xmin>346</xmin>
			<xmax>394</xmax>
			<ymin>498</ymin>
			<ymax>580</ymax>
		</bndbox>
	</object>
</annotation>
