<annotation>
	<folder></folder>
	<filename>frame_000061_png.rf.a2428faa089a9c4d358f3af937794079.jpg</filename>
	<path>frame_000061_png.rf.a2428faa089a9c4d358f3af937794079.jpg</path>
	<source>
		<database>roboflow.com</database>
	</source>
	<size>
		<width>640</width>
		<height>640</height>
		<depth>3</depth>
	</size>
	<segmented>0</segmented>
	<object>
		<name>Player</name>
		<pose>Unspecified</pose>
		<truncated>0</truncated>
		<difficult>0</difficult>
		<occluded>0</occluded>
		<bndbox>
			<xmin>261</xmin>
			<xmax>301</xmax>
			<ymin>302</ymin>
			<ymax>391</ymax>
		</bndbox>
	</object>
	<object>
		<name>Laezel</name>
		<pose>Unspecified</pose>
		<truncated>0</truncated>
		<difficult>0</difficult>
		<occluded>0</occluded>
		<bndbox>
			<xmin>310</xmin>
			<xmax>337</xmax>
			<ymin>218</ymin>
			<ymax>291</ymax>
		</bndbox>
	</object>
</annotation>
