<annotation>
	<folder></folder>
	<filename>frame_000096_png.rf.631d90715c92ac631fc7fba30b02cfec.jpg</filename>
	<path>frame_000096_png.rf.631d90715c92ac631fc7fba30b02cfec.jpg</path>
	<source>
		<database>roboflow.com</database>
	</source>
	<size>
		<width>640</width>
		<height>640</height>
		<depth>3</depth>
	</size>
	<segmented>0</segmented>
	<object>
		<name>Enemy Hellsboar</name>
		<pose>Unspecified</pose>
		<truncated>0</truncated>
		<difficult>0</difficult>
		<occluded>0</occluded>
		<bndbox>
			<xmin>401</xmin>
			<xmax>473</xmax>
			<ymin>480</ymin>
			<ymax>626</ymax>
		</bndbox>
	</object>
	<object>
		<name>Player</name>
		<pose>Unspecified</pose>
		<truncated>0</truncated>
		<difficult>0</difficult>
		<occluded>0</occluded>
		<bndbox>
			<xmin>391</xmin>
			<xmax>428</xmax>
			<ymin>267</ymin>
			<ymax>336</ymax>
		</bndbox>
	</object>
	<object>
		<name>Laezel</name>
		<pose>Unspecified</pose>
		<truncated>0</truncated>
		<difficult>0</difficult>
		<occluded>0</occluded>
		<bndbox>
			<xmin>245</xmin>
			<xmax>272</xmax>
			<ymin>364</ymin>
			<ymax>420</ymax>
		</bndbox>
	</object>
	<object>
		<name>Enemy Imp</name>
		<pose>Unspecified</pose>
		<truncated>0</truncated>
		<difficult>0</difficult>
		<occluded>0</occluded>
		<bndbox>
			<xmin>214</xmin>
			<xmax>247</xmax>
			<ymin>298</ymin>
			<ymax>358</ymax>
		</bndbox>
	</object>
</annotation>
