<annotation>
	<folder></folder>
	<filename>frame_000007_png.rf.f528384bd1791454b11df07f4a27fc3a.jpg</filename>
	<path>frame_000007_png.rf.f528384bd1791454b11df07f4a27fc3a.jpg</path>
	<source>
		<database>roboflow.com</database>
	</source>
	<size>
		<width>640</width>
		<height>640</height>
		<depth>3</depth>
	</size>
	<segmented>0</segmented>
	<object>
		<name>Player</name>
		<pose>Unspecified</pose>
		<truncated>0</truncated>
		<difficult>0</difficult>
		<occluded>0</occluded>
		<bndbox>
			<xmin>232</xmin>
			<xmax>269</xmax>
			<ymin>244</ymin>
			<ymax>316</ymax>
		</bndbox>
	</object>
	<object>
		<name>Laezel</name>
		<pose>Unspecified</pose>
		<truncated>0</truncated>
		<difficult>0</difficult>
		<occluded>0</occluded>
		<bndbox>
			<xmin>209</xmin>
			<xmax>232</xmax>
			<ymin>177</ymin>
			<ymax>240</ymax>
		</bndbox>
	</object>
	<object>
		<name>Enemy Imp</name>
		<pose>Unspecified</pose>
		<truncated>0</truncated>
		<difficult>0</difficult>
		<occluded>0</occluded>
		<bndbox>
			<xmin>334</xmin>
			<xmax>356</xmax>
			<ymin>187</ymin>
			<ymax>227</ymax>
		</bndbox>
	</object>
</annotation>
