<annotation>
	<folder></folder>
	<filename>frame_000059_png.rf.b365f5b5e25157dd0d8ddf9d65dd3925.jpg</filename>
	<path>frame_000059_png.rf.b365f5b5e25157dd0d8ddf9d65dd3925.jpg</path>
	<source>
		<database>roboflow.com</database>
	</source>
	<size>
		<width>640</width>
		<height>640</height>
		<depth>3</depth>
	</size>
	<segmented>0</segmented>
	<object>
		<name>Shadowheart</name>
		<pose>Unspecified</pose>
		<truncated>0</truncated>
		<difficult>0</difficult>
		<occluded>0</occluded>
		<bndbox>
			<xmin>368</xmin>
			<xmax>404</xmax>
			<ymin>430</ymin>
			<ymax>502</ymax>
		</bndbox>
	</object>
	<object>
		<name>Enemy Hellsboar</name>
		<pose>Unspecified</pose>
		<truncated>0</truncated>
		<difficult>0</difficult>
		<occluded>0</occluded>
		<bndbox>
			<xmin>409</xmin>
			<xmax>497</xmax>
			<ymin>433</ymin>
			<ymax>563</ymax>
		</bndbox>
	</object>
	<object>
		<name>Laezel</name>
		<pose>Unspecified</pose>
		<truncated>0</truncated>
		<difficult>0</difficult>
		<occluded>0</occluded>
		<bndbox>
			<xmin>339</xmin>
			<xmax>363</xmax>
			<ymin>152</ymin>
			<ymax>217</ymax>
		</bndbox>
	</object>
</annotation>
