<annotation>
	<folder></folder>
	<filename>frame_000024_png.rf.a3b91f2accfb061f797c63ab7f47bf98.jpg</filename>
	<path>frame_000024_png.rf.a3b91f2accfb061f797c63ab7f47bf98.jpg</path>
	<source>
		<database>roboflow.com</database>
	</source>
	<size>
		<width>640</width>
		<height>640</height>
		<depth>3</depth>
	</size>
	<segmented>0</segmented>
	<object>
		<name>Enemy Imp</name>
		<pose>Unspecified</pose>
		<truncated>0</truncated>
		<difficult>0</difficult>
		<occluded>0</occluded>
		<bndbox>
			<xmin>317</xmin>
			<xmax>372</xmax>
			<ymin>206</ymin>
			<ymax>281</ymax>
		</bndbox>
	</object>
	<object>
		<name>Player</name>
		<pose>Unspecified</pose>
		<truncated>0</truncated>
		<difficult>0</difficult>
		<occluded>0</occluded>
		<bndbox>
			<xmin>248</xmin>
			<xmax>295</xmax>
			<ymin>402</ymin>
			<ymax>476</ymax>
		</bndbox>
	</object>
	<object>
		<name>Enemy Hellsboar</name>
		<pose>Unspecified</pose>
		<truncated>0</truncated>
		<difficult>0</difficult>
		<occluded>0</occluded>
		<bndbox>
			<xmin>317</xmin>
			<xmax>391</xmax>
			<ymin>490</ymin>
			<ymax>608</ymax>
		</bndbox>
	</object>
	<object>
		<name>Laezel</name>
		<pose>Unspecified</pose>
		<truncated>0</truncated>
		<difficult>0</difficult>
		<occluded>0</occluded>
		<bndbox>
			<xmin>379</xmin>
			<xmax>413</xmax>
			<ymin>590</ymin>
			<ymax>641</ymax>
		</bndbox>
	</object>
</annotation>
