<annotation>
	<folder></folder>
	<filename>frame_000020_png.rf.a9dfbf2d9b469bfb71f44864fda91d49.jpg</filename>
	<path>frame_000020_png.rf.a9dfbf2d9b469bfb71f44864fda91d49.jpg</path>
	<source>
		<database>roboflow.com</database>
	</source>
	<size>
		<width>640</width>
		<height>640</height>
		<depth>3</depth>
	</size>
	<segmented>0</segmented>
	<object>
		<name>Enemy Hellsboar</name>
		<pose>Unspecified</pose>
		<truncated>0</truncated>
		<difficult>0</difficult>
		<occluded>0</occluded>
		<bndbox>
			<xmin>379</xmin>
			<xmax>448</xmax>
			<ymin>279</ymin>
			<ymax>421</ymax>
		</bndbox>
	</object>
	<object>
		<name>Enemy Imp</name>
		<pose>Unspecified</pose>
		<truncated>0</truncated>
		<difficult>0</difficult>
		<occluded>0</occluded>
		<bndbox>
			<xmin>373</xmin>
			<xmax>408</xmax>
			<ymin>52</ymin>
			<ymax>119</ymax>
		</bndbox>
	</object>
</annotation>
