<annotation>
	<folder></folder>
	<filename>frame_000062_png.rf.ba1517fb74d496144760d7a87e9d0fb0.jpg</filename>
	<path>frame_000062_png.rf.ba1517fb74d496144760d7a87e9d0fb0.jpg</path>
	<source>
		<database>roboflow.com</database>
	</source>
	<size>
		<width>640</width>
		<height>640</height>
		<depth>3</depth>
	</size>
	<segmented>0</segmented>
	<object>
		<name>Laezel</name>
		<pose>Unspecified</pose>
		<truncated>0</truncated>
		<difficult>0</difficult>
		<occluded>0</occluded>
		<bndbox>
			<xmin>279</xmin>
			<xmax>312</xmax>
			<ymin>362</ymin>
			<ymax>430</ymax>
		</bndbox>
	</object>
	<object>
		<name>Player</name>
		<pose>Unspecified</pose>
		<truncated>0</truncated>
		<difficult>0</difficult>
		<occluded>0</occluded>
		<bndbox>
			<xmin>339</xmin>
			<xmax>392</xmax>
			<ymin>459</ymin>
			<ymax>561</ymax>
		</bndbox>
	</object>
</annotation>
