<annotation>
	<folder></folder>
	<filename>frame_000010_png.rf.ad4964c97f5796434d45829c95c1511f.jpg</filename>
	<path>frame_000010_png.rf.ad4964c97f5796434d45829c95c1511f.jpg</path>
	<source>
		<database>roboflow.com</database>
	</source>
	<size>
		<width>640</width>
		<height>640</height>
		<depth>3</depth>
	</size>
	<segmented>0</segmented>
	<object>
		<name>Player</name>
		<pose>Unspecified</pose>
		<truncated>0</truncated>
		<difficult>0</difficult>
		<occluded>0</occluded>
		<bndbox>
			<xmin>403</xmin>
			<xmax>441</xmax>
			<ymin>318</ymin>
			<ymax>486</ymax>
		</bndbox>
	</object>
	<object>
		<name>Laezel</name>
		<pose>Unspecified</pose>
		<truncated>0</truncated>
		<difficult>0</difficult>
		<occluded>0</occluded>
		<bndbox>
			<xmin>495</xmin>
			<xmax>543</xmax>
			<ymin>365</ymin>
			<ymax>525</ymax>
		</bndbox>
	</object>
	<object>
		<name>Shadowheart</name>
		<pose>Unspecified</pose>
		<truncated>0</truncated>
		<difficult>0</difficult>
		<occluded>0</occluded>
		<bndbox>
			<xmin>460</xmin>
			<xmax>498</xmax>
			<ymin>277</ymin>
			<ymax>403</ymax>
		</bndbox>
	</object>
	<object>
		<name>Enemy Hellsboar</name>
		<pose>Unspecified</pose>
		<truncated>0</truncated>
		<difficult>0</difficult>
		<occluded>0</occluded>
		<bndbox>
			<xmin>179</xmin>
			<xmax>232</xmax>
			<ymin>248</ymin>
			<ymax>314</ymax>
		</bndbox>
	</object>
	<object>
		<name>Enemy Imp</name>
		<pose>Unspecified</pose>
		<truncated>0</truncated>
		<difficult>0</difficult>
		<occluded>0</occluded>
		<bndbox>
			<xmin>356</xmin>
			<xmax>392</xmax>
			<ymin>110</ymin>
			<ymax>180</ymax>
		</bndbox>
	</object>
</annotation>
