<annotation>
	<folder></folder>
	<filename>frame_000018_png.rf.01e82c701a5ac2b4c027ccc29ddc7d47.jpg</filename>
	<path>frame_000018_png.rf.01e82c701a5ac2b4c027ccc29ddc7d47.jpg</path>
	<source>
		<database>roboflow.com</database>
	</source>
	<size>
		<width>640</width>
		<height>640</height>
		<depth>3</depth>
	</size>
	<segmented>0</segmented>
	<object>
		<name>Enemy Imp</name>
		<pose>Unspecified</pose>
		<truncated>0</truncated>
		<difficult>0</difficult>
		<occluded>0</occluded>
		<bndbox>
			<xmin>118</xmin>
			<xmax>262</xmax>
			<ymin>255</ymin>
			<ymax>539</ymax>
		</bndbox>
	</object>
	<object>
		<name>Enemy Hellsboar</name>
		<pose>Unspecified</pose>
		<truncated>0</truncated>
		<difficult>0</difficult>
		<occluded>0</occluded>
		<bndbox>
			<xmin>378</xmin>
			<xmax>445</xmax>
			<ymin>212</ymin>
			<ymax>300</ymax>
		</bndbox>
	</object>
</annotation>
