<annotation>
	<folder></folder>
	<filename>frame_000059_png.rf.719531d6ce2afcb61ead21100902cd1f.jpg</filename>
	<path>frame_000059_png.rf.719531d6ce2afcb61ead21100902cd1f.jpg</path>
	<source>
		<database>roboflow.com</database>
	</source>
	<size>
		<width>640</width>
		<height>640</height>
		<depth>3</depth>
	</size>
	<segmented>0</segmented>
	<object>
		<name>Shadowheart</name>
		<pose>Unspecified</pose>
		<truncated>0</truncated>
		<difficult>0</difficult>
		<occluded>0</occluded>
		<bndbox>
			<xmin>360</xmin>
			<xmax>391</xmax>
			<ymin>435</ymin>
			<ymax>505</ymax>
		</bndbox>
	</object>
	<object>
		<name>Enemy Hellsboar</name>
		<pose>Unspecified</pose>
		<truncated>0</truncated>
		<difficult>0</difficult>
		<occluded>0</occluded>
		<bndbox>
			<xmin>401</xmin>
			<xmax>480</xmax>
			<ymin>444</ymin>
			<ymax>569</ymax>
		</bndbox>
	</object>
	<object>
		<name>Laezel</name>
		<pose>Unspecified</pose>
		<truncated>0</truncated>
		<difficult>0</difficult>
		<occluded>0</occluded>
		<bndbox>
			<xmin>350</xmin>
			<xmax>370</xmax>
			<ymin>155</ymin>
			<ymax>218</ymax>
		</bndbox>
	</object>
</annotation>
