<annotation>
	<folder></folder>
	<filename>frame_000117_png.rf.3b7dda52e7bca9adaef965893b58cb33.jpg</filename>
	<path>frame_000117_png.rf.3b7dda52e7bca9adaef965893b58cb33.jpg</path>
	<source>
		<database>roboflow.com</database>
	</source>
	<size>
		<width>640</width>
		<height>640</height>
		<depth>3</depth>
	</size>
	<segmented>0</segmented>
	<object>
		<name>Enemy Imp</name>
		<pose>Unspecified</pose>
		<truncated>0</truncated>
		<difficult>0</difficult>
		<occluded>0</occluded>
		<bndbox>
			<xmin>256</xmin>
			<xmax>400</xmax>
			<ymin>238</ymin>
			<ymax>416</ymax>
		</bndbox>
	</object>
</annotation>
