<annotation>
	<folder></folder>
	<filename>frame_000020_png.rf.3fb32edcb597d104623c6fcaeee29673.jpg</filename>
	<path>frame_000020_png.rf.3fb32edcb597d104623c6fcaeee29673.jpg</path>
	<source>
		<database>roboflow.com</database>
	</source>
	<size>
		<width>640</width>
		<height>640</height>
		<depth>3</depth>
	</size>
	<segmented>0</segmented>
	<object>
		<name>Enemy Hellsboar</name>
		<pose>Unspecified</pose>
		<truncated>0</truncated>
		<difficult>0</difficult>
		<occluded>0</occluded>
		<bndbox>
			<xmin>205</xmin>
			<xmax>264</xmax>
			<ymin>293</ymin>
			<ymax>432</ymax>
		</bndbox>
	</object>
	<object>
		<name>Enemy Imp</name>
		<pose>Unspecified</pose>
		<truncated>0</truncated>
		<difficult>0</difficult>
		<occluded>0</occluded>
		<bndbox>
			<xmin>205</xmin>
			<xmax>235</xmax>
			<ymin>65</ymin>
			<ymax>130</ymax>
		</bndbox>
	</object>
</annotation>
