<annotation>
	<folder></folder>
	<filename>frame_000016_png.rf.14fd5d05c376f52d77657e5ba1d59925.jpg</filename>
	<path>frame_000016_png.rf.14fd5d05c376f52d77657e5ba1d59925.jpg</path>
	<source>
		<database>roboflow.com</database>
	</source>
	<size>
		<width>640</width>
		<height>640</height>
		<depth>3</depth>
	</size>
	<segmented>0</segmented>
	<object>
		<name>Enemy Imp</name>
		<pose>Unspecified</pose>
		<truncated>0</truncated>
		<difficult>0</difficult>
		<occluded>0</occluded>
		<bndbox>
			<xmin>93</xmin>
			<xmax>220</xmax>
			<ymin>172</ymin>
			<ymax>336</ymax>
		</bndbox>
	</object>
	<object>
		<name>Enemy Hellsboar</name>
		<pose>Unspecified</pose>
		<truncated>0</truncated>
		<difficult>0</difficult>
		<occluded>0</occluded>
		<bndbox>
			<xmin>442</xmin>
			<xmax>489</xmax>
			<ymin>234</ymin>
			<ymax>330</ymax>
		</bndbox>
	</object>
	<object>
		<name>Enemy Imp</name>
		<pose>Unspecified</pose>
		<truncated>0</truncated>
		<difficult>0</difficult>
		<occluded>0</occluded>
		<bndbox>
			<xmin>490</xmin>
			<xmax>521</xmax>
			<ymin>49</ymin>
			<ymax>113</ymax>
		</bndbox>
	</object>
</annotation>
