<annotation>
	<folder></folder>
	<filename>frame_000113_png.rf.51859b86ddced334ce427bd59050ab61.jpg</filename>
	<path>frame_000113_png.rf.51859b86ddced334ce427bd59050ab61.jpg</path>
	<source>
		<database>roboflow.com</database>
	</source>
	<size>
		<width>640</width>
		<height>640</height>
		<depth>3</depth>
	</size>
	<segmented>0</segmented>
	<object>
		<name>Enemy Imp</name>
		<pose>Unspecified</pose>
		<truncated>0</truncated>
		<difficult>0</difficult>
		<occluded>0</occluded>
		<bndbox>
			<xmin>168</xmin>
			<xmax>257</xmax>
			<ymin>59</ymin>
			<ymax>196</ymax>
		</bndbox>
	</object>
	<object>
		<name>Player</name>
		<pose>Unspecified</pose>
		<truncated>0</truncated>
		<difficult>0</difficult>
		<occluded>0</occluded>
		<bndbox>
			<xmin>307</xmin>
			<xmax>434</xmax>
			<ymin>465</ymin>
			<ymax>641</ymax>
		</bndbox>
	</object>
</annotation>
