<annotation>
	<folder></folder>
	<filename>frame_000082_png.rf.9f6938d0514bfe7762971833ba4fb5fc.jpg</filename>
	<path>frame_000082_png.rf.9f6938d0514bfe7762971833ba4fb5fc.jpg</path>
	<source>
		<database>roboflow.com</database>
	</source>
	<size>
		<width>640</width>
		<height>640</height>
		<depth>3</depth>
	</size>
	<segmented>0</segmented>
	<object>
		<name>Enemy Imp</name>
		<pose>Unspecified</pose>
		<truncated>0</truncated>
		<difficult>0</difficult>
		<occluded>0</occluded>
		<bndbox>
			<xmin>267</xmin>
			<xmax>314</xmax>
			<ymin>163</ymin>
			<ymax>243</ymax>
		</bndbox>
	</object>
</annotation>
